Country Code	Country Name	m1970	m1971	m1972	m1973	m1974	m1975	m1976	m1977	m1978	m1979	m1980	m1981	m1982	m1983	m1984	m1985	m1986	m1987	m1988	m1989	m1990	m1991	m1992	m1993	m1994	m1995	m1996	m1997	m1998	m1999	m2000	m2001	m2002	m2003	m2004	m2005	m2006	m2007	m2008	m2009	m2010	m2011	m2012	m2013	m2014	m2015	m2016
ABW	Aruba																																															
AFG	Afghanistan	204,8	201	197	193,1	188,8	184,7	180,6	176,3	172	167,7	163,3	158,9	154,4	149,8	145,6	141,3	137	132,7	128,5	124,3	120,2	116,4	112,9	109,5	106,3	103,3	100,5	97,9	95,4	93,1	90,8	88,4	86,1	83,6	81,1	78,5	76	73,4	70,8	68,2	65,7	63,3	61	58,8	56,8	54,9	53,2
AGO	Angola											139,7	138	136,2	134,6	133,2	132,3	131,5	131,1	130,8	130,7	130,9	131,2	131,6	132	132,2	132	131,2	129,9	128,1	125,8	122,9	119,6	115,8	111,3	106,6	101,5	96,3	90,9	85,6	80,3	75,4	70,7	66,5	62,7	59,5	56,9	54,6
ALB	Albania									72,7	68	63,4	59,1	55,4	51,7	48,4	45,3	42,5	40,1	38	36,2	34,7	33,3	32,1	31	30	28,9	27,7	26,6	25,4	24,2	23,1	22	20,9	20	19	18,2	17,4	16,7	16	15,4	14,8	14,3	13,8	13,3	12,9	12,5	12
AND	Andorra																10,6	9,8	9,2	8,5	7,9	7,4	6,8	6,3	5,9	5,5	5,2	4,9	4,6	4,3	4,2	4	3,8	3,7	3,6	3,5	3,3	3,3	3,2	3,1	3	2,9	2,9	2,8	2,7	2,6	2,5	2,4
ARE	United Arab Emirates	71	65,1	59,6	54,7	50,2	46	42,1	38,4	35	31,9	29,1	26,5	24,4	22,4	20,8	19,4	18,1	16,9	15,9	15	14,2	13,5	12,8	12,3	11,8	11,3	10,9	10,5	10,2	9,9	9,6	9,3	9,1	8,9	8,6	8,4	8,2	8	7,8	7,5	7,3	7,1	7	6,9	6,8	6,7	6,6
ARG	Argentina	59,4	58,7	57,8	56,7	55,2	53,1	50,5	47,3	43,9	40,5	37,5	34,7	32,4	30,4	28,7	27,4	26,4	25,9	25,7	25,6	25,5	25,1	24,4	23,6	22,6	21,6	20,6	19,7	18,8	18	17,3	16,7	16,2	15,7	15,2	14,8	14,4	14,1	13,7	13,4	12,9	12,4	11,9	11,3	10,8	10,3	9,9
ARM	Armenia							71	68,4	65,9	63,6	61,3	59,1	57,1	55,1	53,2	51,4	49,5	47,8	49,9	44,2	42,4	40,6	38,8	37	35,3	33,6	32,1	30,6	29,2	27,8	26,6	25,3	24,1	23	21,9	20,8	19,8	18,8	17,9	17	16,2	15,3	14,6	13,8	13,2	12,5	11,9
ASM	American Samoa																																															
ATG	Antigua and Barbuda																34,2	32	30,1	28,2	26,5	24,9	23,3	21,9	20,4	19,2	18	16,9	15,8	14,9	13,9	13,1	12,3	11,7	11,1	10,5	9,9	9,4	8,9	8,4	7,9	7,4	6,9	6,5	6,1	5,7	5,3	5,1
AUS	Australia	17,8	17,5	16,9	16,1	15,3	14,4	13,4	12,6	11,9	11,3	10,8	10,4	10,1	9,8	9,6	9,3	9,1	8,8	8,4	8	7,6	7,2	6,7	6,3	6	5,8	5,6	5,4	5,3	5,2	5,1	5	5	4,9	4,8	4,7	4,7	4,5	4,3	4,2	4	3,9	3,6	3,5	3,4	3,2	3,1
AUT	Austria	25	24,7	24,1	23	21,6	19,8	18,1	16,6	15,5	14,6	13,8	13,2	12,6	11,9	11,3	10,7	10,1	9,5	8,9	8,4	8	7,7	7,1	6,6	6,2	5,7	5,3	5	4,8	4,7	4,6	4,5	4,4	4,3	4,2	4,1	4	3,8	3,8	3,7	3,5	3,5	3,4	3,2	3	3	2,9
AZE	Azerbaijan													84,2	82,6	81,1	79,7	78,3	77,2	76,1	75,5	75,4	75,6	75,9	76,2	76	75,1	73,5	71,2	68,2	64,7	60,8	57	53,3	49,9	46,9	44,1	41,7	39,5	37,5	35,7	34,1	32,6	31,4	30,2	29,1	28,2	27,2
BDI	Burundi	145,9	146	146,1	146,1	146,1	145,7	144,7	142,8	139,8	135,7	130,9	125,7	120,2	115	110,3	106,5	104,1	102,7	102,4	102,6	103	103,5	103,8	103,8	103,3	102,4	101,2	99,6	97,6	95,3	92,8	90,2	87,6	84,6	81,3	77,9	74,2	70,5	67	63,8	60,9	58,3	56	53,9	52	50,1	48,4
BEL	Belgium	20,5	19,7	18,7	17,7	16,7	15,8	14,9	14,1	13,5	12,8	12,2	11,7	11,2	10,7	10,2	9,9	9,5	9,2	8,9	8,6	8,3	8	7,7	7,2	6,8	6,3	5,9	5,5	5,3	5	4,9	4,7	4,5	4,3	4,3	4,1	4	3,9	3,8	3,7	3,7	3,6	3,5	3,4	3,3	3,2	3,1
BEN	Benin	157	154,9	152,6	149,7	146,5	142,9	139,1	135,4	132	129,3	127,2	125,3	123,6	121,8	120	118	116,1	114,1	112,1	109,8	107,4	104,9	102,5	100,1	98,1	96,4	95	93,8	92,4	90,9	89,2	87,1	84,9	82,6	80,3	78,2	76,3	74,6	73,2	71,9	70,8	69,7	68,6	67,4	66,1	64,6	63,1
BFA	Burkina Faso	143,9	142,8	141,3	139	135,7	131,7	127,5	123,3	119,6	116,5	113,9	111,8	109,9	108,2	106,5	104,8	103,1	101,4	100,1	99,1	98,6	98,4	98,4	98,3	97,9	97,3	96,3	95,2	94	92,8	91,6	90,2	88,6	86,7	84,3	81,4	78,4	75,2	72,1	69,1	66,2	63,4	60,7	58,4	56,3	54,4	52,7
BGD	Bangladesh	149,2	148,6	148	147,3	146,4	145,1	143,4	141,4	139	136,4	133,6	130,7	127,7	124,6	121,2	117,9	114,4	110,8	107,1	103,4	99,7	95,9	92,1	88,3	84,5	80,8	77,2	73,7	70,3	67	64	61	58,2	55,6	53,1	50,6	48,2	45,8	43,5	41,3	39,1	37	35	33,2	31,4	29,7	28,2
BGR	Bulgaria	27,6	26,5	25,7	25,1	24,6	24,1	23,5	22,8	21,7	20,6	19,6	18,7	18,1	17,4	16,7	15,8	14,9	14,3	14,2	14,2	14,7	15	15,3	15,4	15,3	15,5	15,6	15,7	15,4	14,9	14,3	13,7	13,2	12,5	11,8	11	10,4	9,8	9,5	9,3	9,1	8,7	8,3	7,9	7,4	7	6,5
BHR	Bahrain	57,2	52,5	48,2	44,3	40,8	37,7	35,1	32,7	30,5	28,6	26,9	25,4	24	22,9	21,9	21,1	20,5	20,1	19,8	19,7	19,5	19,3	18,7	17,9	16,8	15,5	14,2	13,1	12,1	11,3	10,8	10,3	10	9,7	9,4	9,1	8,8	8,4	8	7,7	7,3	7,1	6,9	6,8	6,7	6,6	6,5
BHS	Bahamas, The	26	26,5	26,9	27,2	27,3	27,2	27	26,6	26,2	25,7	25,2	24,8	24,3	24	23,7	23,4	22,9	22,3	21,4	20,5	19,6	18,8	17,9	17,1	16,3	15,5	14,8	14,2	13,7	13,4	13,3	13,3	13,4	13,4	13,4	13,3	13,2	12,8	12,4	11,9	11,3	10,8	10,3	9,8	9,4	9	8,6
BIH	Bosnia and Herzegovina															26,2	24,1	22,1	20,4	18,9	17,4	16,1	14,9	14,4	13,6	12,3	11,7	10,7	10,1	9,6	9	8,7	8,4	8,1	8	7,9	7,7	7,4	7	6,7	6,2	6	5,7	5,5	5,4	5,3	5,3	5,2
BLR	Belarus											17,3	16,5	15,8	15,2	14,7	14,2	13,7	13,2	12,8	12,3	12,1	12,1	12,2	12,3	12,4	12,4	12,2	11,9	11,4	10,7	10	9,2	8,4	7,7	7,2	6,5	6	5,5	5	4,6	4,2	3,9	3,6	3,4	3,2	3	2,9
BLZ	Belize	69,9	67,4	65	62,7	60,5	58,5	56,6	54,9	53,2	51,6	50	48,3	46,6	44,9	43,2	41,3	39,4	37,4	35,5	33,6	31,7	30	28,4	27	25,7	24,6	23,6	22,7	21,9	21,2	20,4	19,8	19,2	18,7	18,3	17,9	17,5	17,2	16,9	16,5	16,1	15,6	15,1	14,6	2,578	13,4	12,8
BMU	Bermuda																																															
BOL	Bolivia	144	140,7	137,5	134,1	130,6	127,1	123,8	120,5	117,4	114,5	111,8	109,2	106,7	104,2	101,7	99,1	96,4	93,6	90,8	88	85,2	82,5	79,8	77,1	74,5	71,8	69,2	66,5	63,8	61,2	58,5	55,9	53,4	51	48,6	46,4	44,1	42	40	38,1	36,5	35,1	33,8	32,6	31,5	30,5	29,5
BRA	Brazil	102,8	100,4	97,9	95,5	93,1	90,7	88,3	85,7	83,1	80,2	77,2	74,3	71,3	68,5	65,8	63,4	61,2	59,2	57,3	55,4	53,4	51,3	49,1	46,8	44,3	41,9	39,5	37,3	35,1	33,1	31,3	29,4	27,7	26,1	24,6	23,1	21,8	20,6	19,6	18,6	17,7	16,9	16,1	15,3	14,7	14	13,5
BRB	Barbados	41,1	39,1	37,3	35,4	33,5	31,7	30	28,2	26,6	25,2	23,8	22,7	21,7	20,9	20,1	19,4	18,8	18,1	17,4	16,6	15,9	15,2	14,5	14	13,6	13,2	13,1	13	13	13,2	13,4	13,6	13,8	14	14,1	14,1	13,9	13,8	13,5	13,3	13,1	12,8	12,6	12,3	12	11,7	11,4
BRN	Brunei Darussalam													11,9	11,5	11,2	10,9	10,7	10,4	10,3	10,2	10,2	10,3	10,3	10,2	10,1	10	9,8	9,7	9,6	9,6	9,5	9,6	9,6	9,7	9,6	9,5	9,4	9,2	9,1	9	8,8	8,8	8,7	8,7	8,6	8,5	8,5
BTN	Bhutan	184,5	178,8	173	167,3	162	156,5	151,1	146,1	141,1	136,3	131,6	126,9	122,2	117,7	113,5	109,3	105,1	101,1	97,1	93,2	89,5	85,9	82,4	79,1	75,8	72,6	69,4	66,3	63,3	60,4	57,6	54,9	52,4	49,8	47,4	44,9	42,6	40,4	38,3	36,2	34,4	32,7	31,3	30	28,8	27,8	26,8
BWA	Botswana	85,1	82	78,9	75,6	72,4	69,1	65,9	62,7	59,7	56,8	54,1	51,6	49,3	47,1	45,2	43,5	42,1	41,2	40,7	40,8	41,5	42,7	44,3	46,1	47,8	49,4	50,6	51,5	52	52,8	52,2	51,4	50,4	49,3	47,9	44,2	42,9	43,4	42,8	41,5	40,1	40,3	38,8	36,7	35,9	33,9	32,6
CAF	Central African Republic	136	133,3	131	128,9	126,8	125	123,3	121,7	120,2	118,8	117,6	116,7	116	115,5	115,1	114,8	114,4	114,2	114,1	114	114	114,1	114,2	114,5	114,7	114,7	114,7	114,4	113,8	113,2	112,4	111,6	110,8	109,9	109	108,1	106,9	106	104,7	103	101,3	99,4	97,5	96	93,5	91,2	88,5
CAN	Canada	18,5	17,7	16,8	15,8	15	14,2	13,3	12,5	11,8	11	10,3	9,7	9,2	8,7	8,3	8	7,7	7,5	7,2	7,1	6,8	6,6	6,4	6,1	6	5,7	5,6	5,4	5,4	5,3	5,2	5,3	5,3	5,2	5,2	5,2	5,2	5,1	5	5	4,9	4,8	4,7	4,7	4,6	4,5	4,3
CHE	Switzerland	15	14,3	13,6	12,8	12	11,2	10,4	9,8	9,2	8,7	8,4	8,1	7,8	7,6	7,4	7,3	7,2	7,1	7	6,8	6,7	6,3	6,1	5,8	5,5	5,2	5	4,9	4,8	4,7	4,7	4,6	4,5	4,5	4,4	4,3	4,2	4,1	4	4	3,9	3,9	3,8	3,8	3,7	3,6	3,6
CHI	Channel Islands																																															
CHL	Chile	67,2	66,3	65,6	64,1	60,7	55,1	48,5	41,8	35,8	31,4	28,2	25,5	23	20,8	19,4	18,9	18,7	18,4	17,9	17,1	16	14,9	13,7	12,7	11,7	11	10,5	10,2	10	9,7	9,2	8,7	8,3	8	7,9	7,8	7,7	7,7	7,8	7,6	7,5	7,4	7,3	7,3	7,4	7,3	7,2
CHN	China	80,6	76,9	73,4	69,8	66,3	62,8	59,3	56	53	50,5	48,2	46,3	44,8	43,6	42,8	42,4	42,2	42,2	42,3	42,3	42,2	41,8	41,1	40,1	39	37,7	36,4	35	33,5	31,9	30,1	28,3	26,2	24,2	22,2	20,3	18,6	17,1	15,8	14,6	13,5	12,5	11,6	10,7	9,9	9,2	8,5
CIV	Cote d'Ivoire	161,8	157	151,7	146,3	140,6	134,9	129,3	124,1	119,7	116,1	113,1	110,6	108,7	107,2	106	105,2	104,6	104,2	104,1	104,2	104,2	104,4	104,5	104,7	104,7	104,7	104,5	104	103,2	102,1	100,7	96,9	95,1	93,2	91,1	89	86,8	83,7	81,5	79,5	78,4	76,5	74,6	72,3	70,1	68	66
CMR	Cameroon	125,1	120,7	117,4	115,3	114,5	114,3	114,4	114,3	113,6	112,3	110,3	107,6	104,4	100,9	97,2	93,6	90,7	88,5	87,4	87,5	88,5	90,6	93,2	96,1	98,8	101,2	103	104,2	104,2	102,9	100,5	97,2	93,6	90,1	86,9	84,1	81,1	78,2	75,1	72	68,3	65,4	62,3	59,3	57	54,5	52,8
COD	Congo, Dem. Rep.	149,2	147,5	145,8	144,1	142,2	140,4	138,4	136,6	134,6	132,8	131,2	129,5	127,9	126,4	125,1	123,8	122,6	121,5	120,5	119,4	118,4	117,4	116,5	115,6	114,8	113,9	112,9	111,6	110,2	108,6	106,8	104,7	102,5	100,4	98,1	95,8	93,5	91,2	88,9	86,7	84,5	82,3	80,2	78,1	76	74	72
COG	Congo, Rep.	87,2	85	83	81,1	79,3	77,6	76,1	74,5	72,9	71,2	69,6	68	66,4	64,7	63,1	61,6	60,3	59,4	58,9	58,9	59,3	60,2	61,5	63,2	65,1	67,3	69,5	71,7	73,5	74,4	74,2	72,8	70,2	66,7	62,8	58,7	54,8	51,4	48,4	46	44,1	42,6	41,4	40,6	39,9	39,2	38,5
COL	Colombia	70,4	68,1	65,8	63,3	60,7	58,1	55,4	52,7	49,9	47,2	44,6	42,2	39,9	37,8	36	34,4	32,9	31,7	30,7	29,7	28,9	28,1	27,2	26,4	25,6	24,8	24	23,2	22,5	21,8	21,2	20,6	20	19,5	19	18,4	17,9	17,4	16,9	16,4	15,9	15,4	14,9	14,5	14	13,6	13,1
COM	Comoros	151,4	148,1	145,1	142,3	139,3	136,3	133,2	129,9	126,4	122,8	119,3	115,7	112,1	108,7	105,4	102,1	99,1	96,2	93,4	90,8	88,3	85,8	83,4	81,2	79,2	77,6	76,3	75,3	74,6	74,1	73,8	73,7	73,8	73,6	73,1	72,1	70,7	69,3	67,8	66,1	64,5	62,7	61,3	59,7	58,1	56,5	55
CPV	Cabo Verde	116,3	108,2	100,5	93,7	87,4	81,9	77,2	73,1	69,8	67,2	65,4	64,1	63,1	62,1	60,9	59,2	57	54,6	52	49,8	48	46,7	45,9	45,3	44,6	43,3	41,3	38,6	35,5	32,4	29,5	27,1	25,4	24,3	23,7	23,4	23,4	23,3	23,1	22,8	22,3	21,7	20,9	20,3	19,6	18,9	18,2
CRI	Costa Rica	61,5	57,6	52,3	47,1	42,7	38,1	33	28,1	24,1	21,4	19,8	19,2	19,1	19,4	19,6	19,2	18,3	17	15,8	14,9	14,3	13,8	13,4	13	12,7	12,5	12,6	12,7	12,4	11,8	11,1	10,5	10,1	9,6	9,3	9,1	8,9	9	9	8,9	8,8	8,8	8,7	8,5	8,2	7,9	7,7
CUB	Cuba	38	34,2	30,4	27,9	26,5	24,9	22,9	20,6	18,9	17,5	16,7	16,3	16,2	16,1	15,7	15,1	14,1	13,1	12,2	11,4	10,6	9,7	9	8,8	8,7	8,4	7,8	7,3	6,9	6,7	6,4	6,3	6	5,8	5,6	5,3	5,1	4,9	4,9	4,8	4,7	4,6	4,4	4,4	4,3	4,3	4,2
CUW	Curacao																																															
CYM	Cayman Islands																																															
CYP	Cyprus										20,8	19,1	17,6	16,1	14,7	13,4	12,2	11,3	10,7	10,3	10,1	9,9	9,6	9,3	8,8	8,5	7,9	7,4	7	6,5	6,1	5,8	5,4	5	4,7	4,4	4,1	3,8	3,6	3,3	3,1	3	2,8	2,6	2,4	2,3	2,2	2,1
CZE	Czech Republic												13,3	13,2	13,1	12,8	12,6	12,1	11,6	11,2	10,7	10,3	9,9	9,3	8,7	7,9	7,1	6,4	5,8	5,2	4,8	4,5	4,3	4,1	3,9	3,7	3,6	3,3	3,1	3	2,8	2,7	2,6	2,6	2,5	2,5	2,5	2,5
DEU	Germany	22	21,4	20,6	19,7	18,8	17,7	16,5	15,5	14,4	13,5	12,6	11,8	11	10,4	9,8	9,2	8,8	8,2	7,8	7,4	7	6,5	6,2	5,9	5,5	5,3	5,1	4,8	4,7	4,5	4,4	4,3	4,2	4,1	4	3,9	3,8	3,7	3,6	3,6	3,5	3,4	3,3	3,3	3,3	3,3	3,2
DJI	Djibouti							129,9	126,5	123,2	120	117,1	114,1	111	108,2	105,4	102,5	99,9	97,4	95,2	93,2	91,4	89,9	88,5	87,3	86,2	85,2	84,2	83,1	82,1	80,8	79,4	77,8	76,2	74,5	72,9	71,1	69,4	67,6	65,9	64,2	62,5	60,9	59,3	57,8	56,4	54,9	53,5
DMA	Dominica	44,5	40,7	36,5	32,3	28,3	24,8	21,8	19,4	17,4	15,9	14,9	14,1	13,5	13,3	13,2	13,2	13,3	13,5	13,7	13,9	14	14,1	14,2	14,2	14,1	14	13,9	13,7	13,6	13,4	13,4	13,2	13,3	13,4	13,8	14,3	14,9	15,7	16,9	18,3	20	21,9	24,3	26,6	28,7	30,2	31,2
DNK	Denmark	13,9	13,3	12,5	11,6	10,9	10,3	9,7	9,2	8,8	8,5	8,3	8	8	7,9	7,9	7,9	8	8	7,9	7,8	7,4	6,9	6,5	6,1	5,7	5,4	5,1	5	4,8	4,6	4,6	4,5	4,4	4,3	4,1	4	3,8	3,7	3,6	3,5	3,4	3,4	3,4	3,4	3,5	3,6	3,7
DOM	Dominican Republic	86,5	84,4	82,2	79,8	77,4	74,9	72,5	70,1	67,9	65,7	63,7	61,7	59,7	57,9	56,1	54,4	52,7	51,1	49,5	47,9	46,3	44,7	43,2	41,7	40,2	38,8	37,4	36,2	35	34	33,1	32,4	31,7	31,1	30,5	30,1	29,7	29,3	29	28,6	28,3	28	27,6	27,2	26,7	26,1	25,5
DZA	Algeria	145,6	143,2	140,2	136,6	132,5	128,1	123,4	118,5	113,2	107,5	101,1	93,7	85,5	76,2	67	58,9	52,7	48	44,9	42,8	41,4	40,3	39,4	38,6	37,7	36,9	36,1	35,4	34,8	34,4	33,9	33,3	32,4	31,3	30,1	28,8	27,6	26,4	25,3	24,3	23,5	22,9	22,4	22,2	22	21,9	21,6
ECU	Ecuador	95,7	93,3	90,8	88	85	82	78,9	76	73,1	70,4	67,6	64,8	62,1	59,4	56,8	54,3	52,1	49,9	47,9	46	44,1	42,2	40,4	38,6	36,9	35,2	33,6	32,1	30,7	29,5	28,4	27,4	26,5	25,7	25	24,4	23,7	23,1	22,5	21,9	21,2	20,6	20,1	19,5	18,9	18,3	17,8
EGY	Egypt, Arab Rep.	162,2	159,9	157	153,4	148,8	143,6	137,8	131,8	125,7	119,8	114,2	108,5	102,5	96,3	89,9	83,7	78,2	73,4	69,3	65,9	63	60,3	57,7	55,1	52,3	49,6	46,8	44,2	41,7	39,4	37,3	35,5	33,7	32,2	30,8	29,6	28,5	27,4	26,3	25,3	24,3	23,4	22,5	21,6	20,9	20,1	19,4
ERI	Eritrea					125,9	123,6	121,3	119,1	117,2	115,5	113,9	112,4	110,8	109,2	107,5	105,6	103,6	101,3	98,8	95,9	92,7	89,3	85,6	81,7	77,9	74,1	70,5	67,1	63,9	60,9	58,2	55,7	53,4	51,1	49	47	45,2	43,5	41,9	40,4	39,1	37,9	36,8	35,7	34,7	33,8	32,9
ESP	Spain	20,7	18,7	17	16,2	16,2	16,5	16,4	15,9	14,8	13,5	12,3	11,4	10,7	10,2	9,6	9,1	8,8	8,4	8,1	7,7	7,4	7,1	6,8	6,4	6	5,5	5,1	4,9	4,6	4,5	4,3	4,3	4,2	4	4	3,8	3,7	3,6	3,4	3,3	3,1	3	3	2,9	2,8	2,8	2,7
EST	Estonia											17,7	17,1	16,5	15,9	15,4	15	14,7	14,5	14,3	14,1	14	14	13,8	13,5	13,1	12,5	11,8	11,1	10,3	9,6	8,8	8,1	7,4	6,8	6,2	5,7	5,2	4,7	4,3	4	3,6	3,4	3,1	2,9	2,6	2,5	2,3
ETH	Ethiopia	143,7	143,6	143,4	143,3	143,3	143,3	143,4	143,3	143,1	142,7	141,8	140,4	138,6	136,3	134	131,5	129,3	127,2	125,2	123,1	120,8	118,3	115,5	112,3	108,8	105,2	101,7	98,4	95,1	92	88,8	85,4	81,7	78	74,1	70,2	66,4	62,9	59,5	56,5	53,7	51,1	48,6	46,4	44,4	42,6	41
FIN	Finland	13,2	12,6	12	11,3	10,8	10	9,4	8,7	8,1	7,6	7,2	6,8	6,5	6,3	6,1	6	6	5,9	5,8	5,7	5,5	5,3	5	4,8	4,5	4,3	4	3,9	3,8	3,6	3,5	3,5	3,4	3,3	3,2	3,1	3	2,9	2,7	2,6	2,5	2,4	2,3	2,1	2	2	1,9
FJI	Fiji	44,7	44,3	43,9	43,5	42,9	42,2	41,1	39,9	38,4	36,9	35,3	33,7	32,2	30,8	29,6	28,5	27,5	26,5	25,6	24,7	23,8	23	22,2	21,6	21	20,5	20,1	19,8	19,5	19,3	19,1	18,9	18,9	19	19,3	19,6	19,9	20,2	20,4	20,5	20,4	20,3	20,1	19,8	19,5	19,1	18,7
FRA	France	15	14,4	13,7	13,1	12,7	12,4	12	11,5	11	10,5	10,2	9,8	9,5	9,1	8,8	8,6	8,3	8,1	7,9	7,7	7,4	7,1	6,7	6,2	5,8	5,4	5	4,8	4,6	4,5	4,4	4,3	4,2	4	3,9	3,8	3,7	3,6	3,6	3,6	3,5	3,5	3,4	3,4	3,3	3,2	3,2
FRO	Faroe Islands																																															
FSM	Micronesia, Fed. Sts.												43,8	44,3	44,7	44,9	44,9	44,7	44,3	43,7	43,1	42,7	42,5	42,3	42,3	42,5	42,7	42,8	42,8	42,5	42	41,4	40,6	39,9	39	38	37,1	36,1	35,2	34,2	33,4	32,4	31,5	30,7	29,9	29,1	28,3	27,5
GAB	Gabon									78,9	76,4	74,1	71,8	69,7	67,7	66	64,5	63,2	62,2	61,3	60,6	60	59,4	58,9	58,3	57,9	57,4	56,8	56,3	55,6	54,9	54	53	52	50,9	49,7	48,5	47,3	45,8	44,3	43	41,7	40,4	39	37,6	36,9	35,8	34,3
GBR	United Kingdom	18	17,7	17,1	16,6	16	15,4	14,7	14	13,4	12,7	12	11,4	10,8	10,4	10	9,7	9,5	9,2	8,9	8,4	7,9	7,4	7	6,5	6,3	6,1	5,9	5,9	5,8	5,7	5,5	5,4	5,4	5,4	5,3	5,1	5	4,9	4,8	4,6	4,4	4,2	4,1	3,9	3,8	3,7	3,7
GEO	Georgia						55,6	54,1	52,6	51,1	49,7	48,3	47	45,8	44,6	43,7	42,8	42,1	41,6	41,1	40,8	40,4	40	39,7	39,2	38,5	37,7	36,8	35,6	34,3	32,7	31	29,2	27,3	25,5	23,6	21,8	20,2	18,6	17,2	15,9	14,7	13,7	12,7	11,8	11	10,2	9,5
GHA	Ghana	120,1	119,4	118,2	116,4	114,1	111,4	108,6	105,9	103,6	101,9	100,7	99,9	99,1	98,2	96,6	94,5	91,9	88,8	85,6	82,4	79,6	77,2	75,3	73,8	72,6	71,6	70,6	69,4	67,9	66,3	64,5	62,8	61,1	59,6	58,3	57,1	55,9	54,7	53,4	51,9	50,2	48,5	46,8	45,2	43,8	42,4	41,2
GIB	Gibraltar																																															
GIN	Guinea	192,4	190,4	188,3	186,2	184,1	181,8	179,2	176,5	173,6	170,7	167,7	164,7	161,8	158,9	156,1	153,4	150,6	147,8	145	142	138,7	135,3	131,6	127,9	124,1	120,2	116,4	112,6	108,7	104,7	100,7	96,7	92,8	89,1	85,7	82,5	79,6	76,9	74,4	72	69,8	67,6	65,6	63,7	61,8	60	58,3
GMB	Gambia, The	129,9	127,5	125,2	122,9	120,5	118,1	115,8	113,4	111,1	108,9	106,6	104,3	101,8	99,3	96,7	94	91,4	88,9	86,4	84	81,7	79,6	77,5	75,5	73,5	71,7	69,9	68,1	66,4	64,7	63,1	61,5	59,9	58,3	56,7	55,2	53,7	52,3	51,1	49,8	48,6	47,4	46,3	45,2	44,2	43,2	42,2
GNB	Guinea-Bissau																141,1	138,5	136,2	134	131,7	129,7	127,5	125,2	122,9	120,6	118,3	115,7	113,1	110,5	107,9	105,2	102,4	99,5	96,3	93	89,5	86	82,5	79	75,7	72,4	69,3	66,5	63,9	61,6	59,6	57,8
GNQ	Equatorial Guinea														146,6	143,9	141,3	138,8	136,2	133,6	131,1	128,6	126,1	123,6	121,2	118,9	116,6	114,3	111,9	109,5	107	104,5	102	99,4	96,8	94,1	91,5	88,8	86,2	83,6	81,1	78,7	76,4	74,3	72,2	70,1	68,2	66,2
GRC	Greece	27,7	26,2	25,1	24,4	23,9	23,2	22,2	21,2	19,9	18,7	17,4	16,3	15,3	14,4	13,7	12,9	12,1	11,3	10,5	9,8	9,3	8,7	8,4	8	7,7	7,4	7,1	6,7	6,3	5,9	5,5	5,1	4,8	4,4	4,2	3,9	3,6	3,5	3,3	3,3	3,2	3,2	3,2	3,2	3,2	3,1	3,1
GRD	Grenada															20,4	20,1	19,8	19,5	19,1	18,6	18	17,4	16,7	16	15,4	14,9	14,4	14	13,7	13,6	13,4	13,3	13,2	13,2	13,1	13	12,9	12,9	12,8	12,9	12,9	13	13,3	13,6	13,9	14,2	14,4
GRL	Greenland																																															
GTM	Guatemala	118,1	115	112	108,9	105,8	102,8	99,7	96,7	93,6	90,7	87,7	84,8	81,9	79,1	76,3	73,5	70,7	68,1	65,5	62,9	60,4	58	55,6	53,4	51,3	49,3	47,4	45,6	43,9	42,3	40,8	39,4	38	36,8	35,5	34,4	33,2	32,1	31,1	30,1	29,1	28,1	27,2	26,3	25,4	24,6	23,9
GUM	Guam																																															
GUY	Guyana	55,2	55	54,9	54,7	54,6	54,5	54,2	54	53,7	53,3	52,9	52,5	52	51,6	51,1	50,5	49,9	49,2	48,4	47,4	46,4	45,3	44,3	43,2	42,2	41,2	40,3	39,5	38,6	37,8	37	36,2	35,5	34,8	34,1	33,5	32,9	32,3	31,8	31,2	30,7	30,2	29,6	29	28,3	27,6	26,9
HKG	Hong Kong SAR, China																																															
HND	Honduras	101,9	98,3	94,7	91,3	87,8	84,5	81,2	78	74,9	71,8	68,8	66	63,2	60,5	58	55,6	53,3	51,1	49	47	45,1	43,2	41,6	40	38,4	37	35,6	34,3	36,8	31,7	30,5	29,2	28	26,8	25,7	24,6	23,5	22,5	21,6	20,7	19,9	19,1	18,4	17,8	17,1	16,6	16
HRV	Croatia												20,2	19,1	18	16,9	15,9	14,8	13,8	12,8	11,9	11,1	10,5	9,9	9,5	9	8,7	8,3	8,1	7,7	7,4	7,2	6,9	6,6	6,4	6	5,8	5,5	5,3	5,1	4,9	4,7	4,5	4,4	4,3	4,2	4,1	4
HTI	Haiti	160,6	157,4	154	150,6	147,2	143,9	140,7	137,4	134,2	131,1	128	125	121,9	118,9	116,2	113,4	110,7	108	105,4	102,9	100,4	97,8	95,2	92,6	90	87,4	84,7	82,2	79,6	77,2	74,8	72,6	70,6	68,7	67	65,5	64	62,6	61,3	60	85,2	57,5	56,2	54,8	53,5	52,2	50,9
HUN	Hungary	35,1	34,8	34,8	34,7	33,9	32,3	29,7	26,7	24,2	22,6	21,5	20,6	19,8	19,5	19,7	19,5	18,7	17,4	16,3	15,8	15,3	14,6	13,7	12,7	11,7	10,8	10,3	9,9	9,5	9,2	8,6	8,2	7,6	7,2	6,7	6,5	6,1	5,8	5,5	5,3	5,1	4,9	4,9	4,8	4,7	4,6	4,4
IDN	Indonesia	112,7	109,4	106,2	103,2	100,2	97,4	94,7	92,1	89,7	87,3	85	82,7	80,4	78,2	75,9	73,6	71,4	69,1	66,8	64,4	62	59,6	57,2	54,9	52,8	50,6	48,6	46,6	44,7	42,8	41,1	39,4	37,8	36,3	36,1	33,5	32,2	31	29,8	28,6	27,5	26,5	25,5	24,6	23,7	22,9	22,2
IMN	Isle of Man																																															
IND	India	142,6	140,5	138,2	135,8	133,2	130,4	127,4	124,1	120,7	117,5	114,3	111,2	108,3	105,6	103,1	100,5	98,1	95,6	93,1	90,7	88,4	86,2	84	82	79,9	77,8	75,6	73,4	71,1	68,8	66,6	64,3	62	59,9	57,7	55,7	53,7	51,6	49,6	47,6	45,5	43,5	41,6	39,7	37,9	36,2	34,6
IRL	Ireland	19	18,6	18,2	17,9	17,5	16,9	16,1	15,3	14,2	13	12	11	10,4	9,8	9,3	8,9	8,7	8,5	8,2	8	7,7	7,2	6,7	6,4	6,2	6,1	6,1	6,1	6,1	6,1	6	5,8	5,4	5	4,7	4,4	4,1	3,9	3,7	3,6	3,5	3,4	3,4	3,3	3,2	3,1	3
IRN	Iran, Islamic Rep.		124,6	119,4	114,5	109,6	104,6	99,4	93,8	88,2	82,7	77,3	72,2	67,7	63,6	60,1	56,9	54	51,3	48,7	46,3	44,1	42,1	40,3	38,7	37,2	35,7	34,2	32,7	31,2	29,7	28,2	26,8	25,4	24	22,8	21,6	20,4	19,3	18,3	17,3	16,5	15,8	15,1	14,6	14	13,5	13
IRQ	Iraq	80,9	77,5	74,3	71,3	68,4	65,7	63,1	60,7	58,6	56,6	54,7	53	51,5	50	48,6	47,4	46,1	45,1	44,1	43,2	42,4	41,7	41	40,4	39,7	39,1	38,5	37,9	37,3	36,6	36	35,4	34,8	34,3	33,7	33,2	32,6	32	31,4	30,8	30,2	29,5	28,9	28,2	27,4	26,7	25,9
ISL	Iceland	12,8	12,3	11,8	11,3	10,9	10,3	9,9	9,3	8,8	8,2	7,7	7,3	6,9	6,6	6,3	6	5,8	5,5	5,4	5,2	5	4,9	4,7	4,5	4,4	4,1	4	3,7	3,6	3,3	3,2	2,9	2,8	2,6	2,5	2,4	2,3	2,2	2,1	2,1	2	1,9	1,8	1,7	1,7	1,7	1,6
ISR	Israel					24,7	22,4	20,3	18,6	17,2	16,1	15,3	14,6	14	13,4	12,8	12,1	11,5	11	10,4	10,1	9,7	9,2	8,7	8,2	7,6	7,2	6,7	6,4	6,1	5,9	5,6	5,4	5,2	4,9	4,7	4,5	4,3	4,1	3,9	3,8	3,7	3,5	3,3	3,3	3,1	3	2,9
ITA	Italy	29,7	28,2	26,4	24,5	22,5	20,5	18,7	17,3	16,1	15,1	14,3	13,4	12,6	11,9	11,2	10,5	9,9	9,4	9,1	8,7	8,4	8	7,7	7,3	6,9	6,4	6	5,6	5,3	5	4,8	4,5	4,3	4,1	3,9	3,8	3,6	3,6	3,5	3,5	3,4	3,3	3,2	3,1	3	2,9	2,8
JAM	Jamaica	44,6	43	41,5	40,1	38,8	37,5	36,4	35,4	34,4	33,5	32,6	31,8	31	30,2	29,4	28,7	28	27,3	26,6	25,9	25,2	24,5	23,8	23,1	22,5	21,8	21,2	20,5	19,9	19,3	18,8	18,3	17,9	17,5	17,2	17	16,8	16,5	16,2	15,9	15,6	15,2	14,8	14,4	14	13,6	13,2
JOR	Jordan	65,5	62,7	60	57,6	55,2	53	50,9	48,9	46,9	45,1	43,3	41,6	40	38,4	36,9	35,5	34,2	33	31,8	30,8	29,9	29,1	28,3	27,6	26,9	26,2	25,6	25	24,5	23,9	23,4	22,8	22,3	21,7	21,1	20,6	20,1	19,5	19	18,5	18	17,5	17	16,5	16	15,5	15,1
JPN	Japan	13,4	12,6	11,9	11,3	10,6	10	9,4	8,8	8,3	7,9	7,4	6,9	6,5	6,2	5,8	5,5	5,2	5	4,8	4,7	4,6	4,5	4,4	4,3	4,3	4,1	4	3,8	3,6	3,4	3,3	3,1	3	2,9	2,9	2,7	2,7	2,6	2,5	2,4	2,4	2,4	2,2	2,1	2	2	2
KAZ	Kazakhstan		67,9	66,6	65,3	64,1	63	61,9	60,9	59,8	58,7	57,4	55,8	54,2	52,6	51	49,4	48	46,7	45,6	44,8	44,4	44,2	44,4	44,6	44,7	44,4	43,6	42,3	40,7	38,9	37,1	35,2	33,4	31,6	29,9	28,2	26,5	24,8	22,9	21	19,1	17,3	15,5	13,9	12,5	11,2	10,1
KEN	Kenya	91,7	89,7	87,7	85,6	83,3	80,9	78,5	76	73,6	71,3	69,1	67,2	65,4	63,9	62,7	61,9	61,4	61,4	61,8	62,4	63,4	64,4	65,4	66,2	66,9	67,1	67	66,5	65,5	64,3	62,8	61	59	56,8	54,4	51,8	49,5	47,5	44,9	43,6	42,5	41,3	40,6	39,6	38,2	36,5	35,6
KGZ	Kyrgyz Republic						87,4	85,4	83,4	81,4	79,2	76,7	74,3	71,7	69,1	66,3	63,6	61	58,6	56,7	55,2	54,3	53,8	53,5	52,9	51,9	50,6	49,1	47,4	45,6	43,9	42,1	40,4	38,8	37,2	35,7	34,2	32,8	31,3	29,6	27,8	26,1	24,6	23,2	22	20,9	19,9	18,8
KHM	Cambodia						177,4	165,4	153,9	141,4	128,5	116,2	105,4	97,1	91,6	88,5	86,6	85,6	85	84,8	84,8	84,8	84,7	84,8	85,3	86,1	86,7	87,1	86,9	85,9	83,6	79,6	74	67,9	62,4	57,5	53,4	49,9	46,7	43,6	40,6	37,8	35,1	32,7	30,6	28,9	27,5	26,3
KIR	Kiribati	97	94,4	92,2	90,6	89,2	88,3	87,6	87,1	86,7	86,4	86	85,5	84,9	84	82,8	81,2	79,2	77	74,5	71,9	69,3	67	65	63,3	61,7	60,3	58,9	57,6	56,2	54,7	53,3	52	50,9	50,1	49,6	49,4	49,4	49,3	49,2	48,8	48,2	47,3	46,5	45,6	44,6	43,6	42,4
KNA	St. Kitts and Nevis	57,1	55,4	53,8	52,2	50,8	49,4	48,1	46,7	45,3	43,7	41,8	39,8	37,7	35,5	33,6	31,7	30,1	28,8	27,7	26,8	26	25,3	24,8	24,3	23,8	23,3	22,5	21,6	20,6	19,4	18,2	17	16	15	14	13,2	12,4	11,6	11	10,4	9,8	9,4	8,9	8,6	8,2	8	7,6
KOR	Korea, Rep.	48	45,1	42,6	40,5	38,7	37,1	35,7	34,3	32,8	31,3	29,7	27,9	26,1	24,3	22,5	20,7	19	17,4	15,9	14,6	13,5	12,4	11,5	10,6	9,8	9,1	8,4	7,8	7,3	6,8	6,4	6,1	5,7	5,4	5,1	4,7	4,4	4,1	3,9	3,7	3,5	3,4	3,3	3,2	3,1	3	2,9
KWT	Kuwait	53,5	50,6	47,9	45,3	42,8	40,5	38,2	36	33,9	31,8	29,7	27,4	25,1	23	21,2	19,7	18,5	17,6	16,7	15,9	15,1	15	13,7	13,2	12,9	12,5	12,2	11,8	11,5	11,2	11	10,8	10,6	10,5	10,3	10,1	10	9,9	9,7	9,5	9,2	8,9	8,5	8,2	7,8	7,5	7,2
LAO	Lao PDR									141	138,2	135,5	133	130,5	128	125,5	123	120,5	118,1	115,7	113,2	110,7	108	105,2	102,4	99,6	96,6	93,7	90,8	88	85,2	82,5	79,8	77,2	74,6	72	69,6	67,2	65	62,7	60,6	58,5	56,7	55	53,5	51,9	50,4	48,9
LBN	Lebanon	47,8	47,3	46,8	46,2	45,6	44,9	44,1	43,2	42,3	41,2	40,1	38,8	37,6	36,3	34,9	33,6	32,3	30,9	29,6	28,4	27,1	26	24,9	23,8	22,8	21,8	20,9	19,9	19	18,1	17,1	16,1	15,1	14,1	13,1	12,2	11,3	10,5	9,8	9,3	8,8	8,4	8	7,7	7,4	7,2	6,9
LBR	Liberia	190,9	187,5	184,2	181	177,6	174,5	171,4	168,6	166	163,5	161,3	159,4	157,8	156,8	156,6	157,5	159,6	162,5	165,9	169,3	172	173,1	172,4	169,8	165,7	160,1	153,7	146,8	139,7	132,2	124,3	116,6	109,1	101,6	94,5	87,9	82	76,9	72,4	68,5	65,2	62,2	59,4	57	54,8	52,9	51,2
LBY	Libya	95,5	90,4	85,6	81	76,5	72,5	68,8	65,5	62,4	59,6	57,1	54,7	52,4	50,1	47,9	45,8	43,7	41,6	39,6	37,6	35,8	34,1	32,5	31,1	29,8	28,6	27,6	26,7	25,8	25	24,2	23,5	22,7	21,9	20,9	19,8	18,6	17,3	16,1	15,1	14,2	13,9	12,9	12,4	11,9	11,5	11
LCA	St. Lucia	58,1	53	48,2	43,6	39,5	35,8	32,6	29,9	27,7	25,9	24,4	23,2	22,1	21,3	20,5	19,7	19,1	18,6	18,2	17,8	17,6	17,5	17,4	17,2	17	16,7	16,4	16	15,7	15,4	15,2	15	14,9	14,9	14,7	14,6	14,5	14,3	14,1	13,8	13,5	13,2	12,9	12,7	12,4	12,1	11,8
LIE	Liechtenstein																																															
LKA	Sri Lanka	54,4	53,6	52,8	51,9	50,9	49,6	48,1	46,3	44,3	42,1	39,7	37,1	34,3	31,3	28,2	25,2	22,6	20,5	19,1	18,2	17,9	18	18	18	17,8	17,3	16,8	16,1	15,4	14,7	14,1	13,7	13,4	13,1	15,6	12,3	11,7	11,1	10,5	10,1	9,7	9,3	9,1	8,8	8,5	8,3	8
LSO	Lesotho	133,3	130,5	127,6	124,5	121	117,1	113,2	109	104,7	100,5	96,4	92,5	88,9	85,7	82,9	80,5	78,3	76,5	75	73,9	73,1	72,6	72,6	73,1	74	75,2	76,4	77,6	78,6	79,5	80,2	80,9	81,7	82,4	82,3	82,5	81,8	79,5	80,5	77,1	75,3	73,2	75	75,2	74,5	74,5	72,4
LTU	Lithuania	18,1	17	16,5	16,7	17,4	17,8	17,9	17,6	17,1	16,6	16	15,6	15,2	14,8	14,3	13,7	12,8	12	11,4	11,2	11,8	13	14,3	14,3	13,3	11,9	10,7	9,8	9,2	8,8	8,5	8,2	7,9	7,7	7,4	7,2	6,9	6,4	5,9	5,4	4,9	4,4	4,1	3,9	3,9	4,1	4,3
LUX	Luxembourg	18,8	17,7	16,7	15,7	14,9	14	13,3	12,7	12,2	11,7	11,3	10,9	10,5	10,2	9,8	9,4	9	8,6	8,2	7,8	7,3	6,9	6,5	6,1	5,6	5,2	4,9	4,6	4,3	4,1	3,8	3,6	3,4	3,2	3	2,9	2,7	2,6	2,5	2,4	2,3	2,3	2,2	2,1	2,1	2,1	2
LVA	Latvia										15,2	15,2	15,3	15,1	14,7	14	13,2	12,4	11,9	11,8	12,2	13,1	14,3	15,2	15,8	15,9	15,7	15,3	14,5	13,5	12,4	11,5	10,9	10,3	9,7	9,2	8,7	8,2	7,7	7,4	7	6,6	6,2	5,7	5,2	4,7	4,3	3,9
MAC	Macao SAR, China																																															
MAF	St. Martin (French part)																																															
MAR	Morocco	120	118	116	114	111,7	109,2	106,4	103,3	100	96,7	93,4	90	86,7	83,3	79,9	76,7	73,6	70,6	67,8	65,2	62,8	60,4	58,1	55,9	53,7	51,6	49,5	47,5	45,6	43,8	42	40,4	38,8	37,3	35,9	34,6	33,3	32,1	30,9	29,8	28,8	27,8	26,8	25,8	25	24,1	23,3
MCO	Monaco																7,9	7,6	7,3	7	6,6	6,3	6	5,8	5,6	5,3	5,1	4,9	4,7	4,5	4,3	4,2	4,1	3,9	3,8	3,7	3,7	3,6	3,5	3,4	3,3	3,2	3,2	3,1	3	2,9	2,8	2,8
MDA	Moldova		49,2	48	46,9	45,7	44,6	43,4	42,3	41,3	40,3	39,4	38,4	37,2	35,8	34,2	32,6	31,1	29,7	28,5	27,6	27,3	27,5	28,3	29,3	30,3	31,1	31,3	30,9	29,8	28	25,9	23,6	21,3	19,4	17,9	16,7	16	15,5	15,1	14,9	14,7	14,6	14,4	14,3	14,1	13,9	13,7
MDG	Madagascar	92,1	93,1	94,3	95,6	97,1	98,6	100	101,2	102,3	103,4	104,8	106,3	107,6	108,6	109	108,6	107,4	105,6	103,1	100,3	97,4	94,8	92,3	90	87,7	85,1	82,3	79,1	75,7	72,2	68,8	65,5	62,4	59,5	56,9	54,3	51,9	49,6	47,4	45,2	43,1	41,2	39,3	37,8	36,4	35,2	34
MDV	Maldives	174	167,3	160,2	152,6	145,1	137,7	130,8	124,3	118,1	112,5	107,2	102,3	97,7	93,3	89,1	85,1	81,3	77,7	74,3	71,1	68,1	65,1	62,2	59,2	56,1	52,9	49,6	46	42,4	38,7	35	31,3	27,8	24,6	22,3	19,2	17,1	15,3	13,8	12,5	11,3	10,3	9,5	8,7	8,2	7,7	7,3
MEX	Mexico	77,1	74,7	72,3	70	67,9	65,9	63,9	61,9	59,8	57,6	55,2	52,8	50,4	48,3	46,2	44,4	42,8	41,2	39,6	38	36,5	34,9	33,4	32	30,5	29,2	27,8	26,5	25,1	23,8	22,5	21,4	20,3	19,3	18,4	17,6	16,9	16,3	15,8	15,3	14,8	14,4	14	13,6	13,3	12,9	12,6
MHL	Marshall Islands	63,3	61,6	60,1	58,8	57,8	57	56,2	55,5	54,7	53,8	53	51,9	50,7	49,5	48,2	46,9	45,6	44,2	42,8	41,4	39,9	38,5	37,1	35,8	34,8	34	33,5	33,2	33,1	33	32,9	32,9	32,7	32,6	32,5	32,3	32,2	32	32	31,9	31,8	31,7	31,4	31	30,4	29,8	29,1
MKD	Macedonia, FYR												52,1	50,3	47,9	46,1	45,2	44,5	42,6	39,3	35,9	33,5	31,6	29,9	27,7	25,1	22,1	19,4	17,4	16,2	15,2	14,2	13,4	12,9	12,6	12,5	12,1	11,5	10,9	10,2	9,6	9,2	9	9,1	9,5	10,1	10,5	10,7
MLI	Mali	193,9	191,9	189,6	186,8	183,5	179,8	175,8	171,8	167,9	164,1	160,6	157,1	153,6	150,1	146,6	143,4	140,3	137,4	134,8	132,3	130,1	128,2	126,8	125,7	124,8	124,1	123,3	122,2	120,7	118,4	115,5	111,9	107,9	103,6	99,1	94,9	91	87,5	84,5	81,8	79,5	77,2	75,1	73,2	71,4	69,6	68
MLT	Malta	24,8	23,5	22,3	21,2	20	18,9	17,9	17,1	16,3	15,7	15,1	14,5	13,9	13,4	12,8	12,2	11,7	11,1	10,7	10,2	9,9	9,5	9,2	8,9	8,5	8,3	7,9	7,6	7,3	7	6,8	6,6	6,4	6,2	6,1	6	6	6	6	5,9	5,9	6	6	6	6	6	5,9
MMR	Myanmar	119,3	117,3	115,2	113	110,8	108,6	106,3	104,1	102	99,9	97,8	95,9	94,2	92,6	90,9	89,4	87,9	86,4	84,9	83,4	81,8	80,1	78,4	76,8	75,1	73,4	71,8	70,2	68,6	67,1	65,6	64,1	62,6	61	59,4	57,8	56,2	54,5	57	51	49,3	47,6	45,9	44,3	42,8	41,4	40,1
MNE	Montenegro															24	21,9	20	18,3	16,8	15,7	14,8	14,2	13,9	13,7	13,7	13,7	13,6	13,5	13,5	13,2	12,8	12,3	11,7	11,1	10,3	9,6	8,9	8,1	7,5	6,7	6,2	5,6	5	4,6	4,2	3,8	3,5
MNG	Mongolia									119	115,3	111,7	108,2	104,8	101,4	98,1	94,6	91,2	87,5	83,9	80,5	77,3	74,3	71,5	68,9	66,2	63,5	60,7	57,9	54,9	51,8	48,6	45,4	42,2	39,1	36,2	33,4	30,8	28,4	26,1	24	22	20,3	19	17,8	16,9	16,1	15,4
MNP	Northern Mariana Islands																																															
MOZ	Mozambique	179,3	178,7	178	176,8	175,6	174,5	173,7	173	172,5	172,4	172,5	172,7	172,6	172,3	171,7	170,6	169,4	168,3	167,2	166,2	165,1	163,8	161,9	159,3	155,7	151,2	145,6	138,9	131,6	124,4	117,5	111	105	99,6	94,5	89,8	85,4	80	76,3	72,4	70,1	66,1	62,7	59,8	57,2	55,1	53,1
MRT	Mauritania	103,9	103,1	102,8	102,6	102,3	101,4	99,9	98,1	96,1	93,9	92	90	88	85,8	83,5	80,8	78,3	75,9	73,8	72,2	71	70,1	69,6	69,3	69,3	69,3	69,4	69,5	69,5	69,5	69,4	69,3	69,1	68,9	68,4	67,7	66,8	65,8	64,7	63,5	62,1	60,8	59,5	58,3	57	55,7	54,4
MUS	Mauritius	58,2	59,1	60,5	58,8	54	48,5	43,7	39,7	36,6	34,3	32,1	30,1	27,9	25,9	24,2	23,7	24,1	24,3	23,3	21,3	19,7	18,7	18,3	18,4	18,8	19,4	19,9	19,8	19,1	17,8	16,3	15,1	14,2	13,8	13,7	13,9	14,2	14,3	14	13,6	13,3	13,2	13,1	13,1	13,1	12,7	12,2
MWI	Malawi	202,9	199,6	195,1	190	184,5	178,9	173,3	167,4	161	154,6	148,8	144,3	141,8	141,5	142,8	144,5	145,8	145,8	143,9	140,7	136,6	131,7	126,7	122,3	118,7	116,1	114,6	113,2	111,3	108,2	103,4	96,8	89,3	81,8	75,2	70,2	66,9	64,6	61,9	59,9	57,4	53,2	49,6	46,2	43,4	40,9	38,9
MYS	Malaysia	42,2	40,9	39,5	38	36,4	34,7	32,9	31,1	29,2	27,5	25,7	24,1	22,6	21,2	19,9	18,7	17,6	16,7	15,8	15	14,3	13,6	13	12,4	11,9	11,5	11,1	10,6	10,1	9,5	8,7	8,1	7,6	7,3	7,1	7	6,8	6,8	6,8	6,7	6,8	6,8	6,8	6,9	6,9	7	7,1
NAM	Namibia	62,7	63	63,4	63,7	64	64,4	64,6	64,8	64,9	64,7	64,2	63,3	62,1	60,6	58,8	57	55	53,2	51,4	49,8	48,4	47,3	46,5	46,1	46	46,2	46,7	47,2	47,7	48,2	48,5	48,5	48,4	48,1	46,9	44,1	42,1	41	41,6	42,1	40,5	39,2	39,3	36,9	35,1	34,5	32,3
NCL	New Caledonia																																															
NER	Niger	131,6	133,1	134,5	135,5	135,9	135,6	134,7	133,2	131,5	130,1	129,3	129,1	129,8	131,2	132,8	134,4	135,5	135,9	135,5	134,3	132,7	130,4	127,4	123,8	119,7	115,2	110,9	107	103,7	100,6	97,6	94,3	90,8	87	83,1	79,3	75,5	71,9	68,5	65,4	62,4	59,8	57,5	55,6	53,8	52,3	50,9
NGA	Nigeria	169,4	164,6	159,6	154,6	149,5	144,7	140,1	135,9	132,2	129,3	127	125,4	124,4	124	124,1	124,5	125,1	125,6	126	126,2	126,2	126	125,6	125,3	124,6	123,6	122,2	120,2	117,8	115,2	112,3	109,2	106,1	102,9	99,8	96,5	93,2	90	87	83,9	81,1	78,3	75,7	73,3	71	69	66,9
NIC	Nicaragua	116,9	114,4	111,5	108,3	104,7	100,6	96,2	91,6	87	82,4	78,1	74	70,3	67	64	61,3	59	56,9	54,9	53,1	51,3	49,4	47,5	45,6	43,6	41,7	39,8	37,9	37,3	34,3	32,7	31,2	29,8	28,5	27,2	26,1	24,9	23,8	22,7	21,7	20,8	20	19,3	18,6	17,9	17,3	16,8
NLD	Netherlands	12,6	12,1	11,7	11,3	10,9	10,5	10,1	9,7	9,3	9	8,8	8,6	8,4	8,2	8	7,9	7,6	7,5	7,2	7	6,8	6,5	6,3	6,1	5,8	5,7	5,5	5,4	5,3	5,2	5,1	5,1	4,9	4,7	4,7	4,5	4,3	4,2	4	3,9	3,8	3,6	3,5	3,5	3,4	3,3	3,2
NOR	Norway	13,1	12,7	12,2	11,6	11	10,5	9,9	9,3	8,8	8,4	8,2	8	8	8,1	8,2	8,3	8,3	8,2	7,9	7,5	7	6,4	5,8	5,3	4,9	4,6	4,4	4,2	4,1	4	4	3,8	3,6	3,6	3,4	3,2	3,2	3	2,8	2,7	2,6	2,5	2,4	2,3	2,3	2,2	2,1
NPL	Nepal	176,8	173	169,4	165,8	162,4	158,9	155,3	151,6	147,8	144	140	136	131,9	127,9	123,8	119,5	115,5	111,2	106,8	102,4	97,9	93,4	89,1	85	81	77,2	73,6	70	66,7	63,4	60,3	57,4	54,6	52,1	49,6	47,3	45,1	43,1	41,1	39,2	37,4	35,7	34,1	32,5	31	29,6	28,4
NRU	Nauru																53,6	51,8	50	48,3	46,7	45,3	43,8	42,4	41	39,7	38,5	37,3	36,2	35,1	34,2	33,3	32,7	32,1	31,7	31,6	31,6	31,8	32	32,3	32,3	32	31,6	31,1	30,5	29,9	29,2	28,5
NZL	New Zealand	16,9	16,5	16,2	15,8	15,4	14,9	14,4	14	13,6	13,1	12,7	12,4	12,1	11,9	11,5	11,3	11	10,6	10,2	9,7	9,2	8,6	8,2	7,8	7,5	7,1	6,9	6,7	6,4	6,3	6,1	5,9	5,8	5,7	5,5	5,4	5,4	5,3	5,3	5,2	5,1	5	5	4,9	4,7	4,6	4,5
OMN	Oman	152,8	144,8	137	129,5	122	114,9	107,7	100,4	93,2	86,2	79,4	72,9	66,6	60,6	55,2	50,2	45,6	41,6	38	34,8	31,8	29,2	26,7	24,4	22,4	20,7	19,1	17,7	16,5	15,3	14,3	13,4	12,6	12	11,5	11	10,7	10,5	10,3	10,1	10	9,9	9,8	9,6	9,5	9,3	9,2
PAK	Pakistan	144,2	141,5	139	136,7	134,6	132,6	130,7	128,9	127,2	125,6	124	122,4	120,7	118,9	117,1	115,3	113,4	111,6	109,8	108	106,2	104,4	102,6	100,8	99,1	97,3	95,5	93,6	91,7	89,9	88,1	86,3	84,7	83,1	81,7	80,3	78,9	77,6	76,3	75	73,6	72,2	70,7	69,1	67,3	65,7	64,2
PAN	Panama	50,6	48,7	46,7	44,7	42,8	41,2	39,7	38,5	37,4	36,4	35,4	34,3	33,2	32,1	31	30	29	28,1	27,2	26,4	25,8	25,2	24,6	24,2	23,9	23,6	23,3	23	22,7	22,3	21,9	21,4	20,9	20,4	19,9	19,4	18,9	18,4	17,8	17,3	16,8	16,3	15,8	15,4	14,9	14,5	14,1
PER	Peru	103,7	101,2	98,7	96,1	93,6	91,2	89,1	87,3	85,7	84,3	82,8	81,1	79,1	76,7	74,1	71,1	68	65	62,1	59,4	56,7	54,1	51,5	48,7	45,8	42,9	40	37,2	34,4	31,9	29,5	27,4	25,5	23,8	22,3	20,9	19,7	18,6	17,5	16,6	15,7	14,9	14,1	13,5	12,9	12,4	11,9
PHL	Philippines	55,5	55,1	54,9	54,8	54,7	54,7	54,6	54,5	54,2	53,8	53,4	52,9	52,3	51,6	50,8	49,8	48,4	46,7	44,8	42,8	40,8	38,9	37,3	35,8	34,6	33,5	32,6	31,8	31,2	30,6	30	29,5	29	28,5	28	27,5	26,9	26,4	25,9	25,4	24,9	24,4	23,9	23,3	22,7	22,1	21,5
PLW	Palau															35	34,4	33,6	33	32,3	31,6	30,9	30,3	29,5	28,7	27,9	27	26,2	25,3	24,5	23,6	22,9	22	21,3	20,6	20	19,4	18,7	18,2	17,6	17,1	16,5	16	15,5	15,1	14,6	14,1	13,7
PNG	Papua New Guinea	99,7	96,9	94	91,4	88,9	86,5	84,2	82,1	80,1	78,3	76,6	74,9	73,4	72	70,6	69,4	68,3	67,3	66,3	65,3	64,4	63,5	62,6	61,8	61,1	60,4	59,8	59,2	58,6	58	57,5	57	56,5	56	55,5	54,9	54,1	53,2	52,1	50,9	49,8	48,5	47,3	46	44,9	43,8	42,4
POL	Poland	32,2	30,6	28,7	27	25,5	24,5	23,8	23,2	22,5	21,7	21	20,5	19,9	19,3	18,6	17,8	17,2	16,5	16	15,6	15,2	14,8	14,3	13,9	13,5	12,7	11,6	10,3	9,4	8,6	8,1	7,6	7,3	7	6,7	6,5	6,3	6	5,8	5,4	5,2	4,9	4,6	4,5	4,3	4,2	4
PRI	Puerto Rico																																															
PRK	Korea, Dem. Peopleâ€™s Rep.																27,7	27,4	27,8	28,9	30,7	33,4	36,9	41,1	45,5	49,8	53,2	55,1	55	53,1	49,4	44,5	39,1	34,2	30,4	27,8	26,4	26	25,7	25,2	24,4	23,1	21,5	19,8	18,3	17	16	15,1
PRT	Portugal	55,5	51,5	47,4	43,3	39,5	36	32,6	29,6	26,8	24,6	22,7	21,2	19,9	18,7	17,6	16,5	15,5	14,5	13,5	12,5	11,5	10,6	9,7	8,8	8,1	7,4	7	6,6	6,3	5,9	5,5	5,2	4,7	4,3	4	3,7	3,5	3,3	3,2	3,2	3,1	3,1	3	3	2,9	2,9	2,9
PRY	Paraguay	57,8	57,4	56,8	56,2	55,5	54,7	53,8	52,9	52	50,9	49,8	48,6	47,3	46	44,7	43,3	42	40,8	39,6	38,3	37,1	36	34,9	33,8	32,8	31,9	31	30,1	29,3	28,6	27,7	27	26,2	25,4	24,6	23,8	23,1	22,4	21,8	21,1	20,4	19,8	19,2	18,6	18,1	17,6	17
PSE	West Bank and Gaza						77,1	73	69,2	65,7	62,3	59,1	56,1	53,3	50,6	48,1	45,7	43,4	41,2	39,2	37,4	35,7	34,2	32,9	31,7	30,5	29,4	28,4	27,4	26,5	25,7	24,9	24,2	23,6	23	22,5	22	21,5	21	20,5	20	19,5	19,1	18,6	18,1	17,6	17,1	16,6
PYF	French Polynesia																																															
QAT	Qatar	50,1	47,4	44,6	42,1	39,9	37,7	35,8	34	32,4	31	29,7	28,4	27,2	26	24,8	23,7	22,5	21,3	20,1	18,9	17,8	16,7	15,6	14,7	13,9	13,2	12,6	12,1	11,6	11,2	10,8	10,4	10	9,6	9,2	8,9	8,6	8,3	8,1	7,9	7,7	7,6	7,5	7,4	7,4	7,4	7,3
ROU	Romania	47,7	41,6	38,6	37,6	36,7	34,9	32,9	31,3	30,3	29,4	28,5	27,4	25,9	24,5	24,1	24,7	25,8	26,7	26,8	26,1	24,5	23,2	22,5	22,4	22,5	22,2	21,8	21,1	20,3	19,3	18,4	17,6	17,3	17	16,3	15,1	13,7	12,3	11,1	10,2	9,7	9,3	8,9	8,5	8,1	7,8	7,7
RUS	Russian Federation	30,9	29,7	28,6	27,5	26,5	25,7	25	24,5	24	23,6	23,2	22,8	22,4	22	21,6	21,1	20,5	19,9	19,2	18,7	18,4	18,4	18,5	18,7	18,8	18,7	18,5	18,2	17,7	17,2	16,6	15,7	14,8	13,9	12,9	12	11,1	10,3	9,7	9,1	8,6	8,1	7,7	7,4	7,1	6,8	6,6
RWA	Rwanda	130,8	132,7	135,1	138,3	142	145,6	148,2	148,2	144,6	137,7	129	119,8	111,8	105,5	100,9	97,4	94,7	92,7	91,4	91,2	92,6	96	100,9	107,8	127,3	123	117,7	122,6	125	118,7	115,6	108	99,3	90	80,4	71,9	64,3	57,8	52,5	48,1	43,9	39,7	36,7	34,2	32,2	30,4	29,2
SAU	Saudi Arabia			111,4	105	99,1	93,6	88,5	83,8	79,4	75	70,7	66,8	63	59,4	55,9	52,4	49	45,5	42	38,8	35,8	33	30,6	28,4	26,5	24,9	23,4	22	20,8	19,8	18,8	18	17,2	16,6	16	15,6	15,3	14,9	14,4	14	13,5	13,1	12,7	12,3	11,9	11,4	11,1
SDN	Sudan	95,3	94,7	94,2	93,7	93,2	92,6	92,1	91,5	90,8	90,3	89,8	89,3	88,8	88,3	87,7	87	86,1	85,2	84,2	83,1	82	80,8	79,6	78,3	77	75,6	74,1	72,5	70,8	69	67,1	65,3	63,4	61,6	59,8	58,1	56,6	55,1	53,8	52,5	51,3	50,2	49,1	48	46,9	45,9	44,8
SEN	Senegal	126,2	124,2	121,9	119,2	116,1	112,6	108,8	104,9	101,3	98,1	95,3	93	90,8	88,7	86,4	83,7	80,7	77,8	75,2	73,1	71,8	71,2	71,1	71,4	71,9	72,4	72,7	72,8	72,3	71,3	69,5	67	64,1	61	57,8	54,8	51,9	49,3	47	44,8	42,9	41	39,3	37,7	36,2	34,8	33,6
SGP	Singapore	22	20,9	19,6	17,8	15,9	14,3	13,2	12,5	12,3	12,2	11,9	11,5	10,7	10	9,4	8,8	8,4	7,9	7,3	6,7	6,2	5,5	5	4,5	4,2	3,9	3,8	3,6	3,4	3,2	3	2,8	2,7	2,5	2,3	2,3	2,3	2,3	2,2	2,2	2,2	2,2	2,2	2,1	2,1	2,1	2,2
SLB	Solomon Islands	75,8	70,8	66,2	62	58,2	54,6	51,4	48,4	45,7	43,4	41,4	39,7	38,3	37	35,9	34,9	34	33,2	32,5	31,8	31,1	30,4	29,7	28,9	28,2	27,5	26,9	26,3	25,8	25,4	24,9	24,6	24,4	24,2	24,2	24,1	24,1	24	23,9	23,8	23,6	23,4	23,1	22,9	22,6	22,2	21,8
SLE	Sierra Leone	191,2	188,4	185,8	183,2	180,7	178,2	175,9	173,8	171,7	169,7	167,7	165,9	164,2	162,6	161,3	159,9	158,8	157,7	156,8	156,1	155,5	155,1	154,7	154,2	153,4	152,3	150,9	149,1	147,1	144,8	142,4	139,8	137	134,1	131,1	128	124,4	120,5	116,2	111,5	106,7	101,9	97,3	93,1	89,4	86,2	83,3
SLV	El Salvador	106,5	104,7	102,6	100,5	98,2	95,5	92,5	89,4	86,1	82,5	78,8	75	71	67,1	63,4	59,8	56,6	53,6	50,9	48,4	46,1	43,9	41,8	39,7	37,6	35,6	33,6	31,8	30	28,4	26,9	25,6	24,3	23,1	22	20,9	19,9	19	18,1	17,3	16,5	15,7	15,1	14,4	13,8	13,3	12,9
SMR	San Marino																13,7	12,8	11,9	11,1	10,4	9,7	9,1	8,5	7,9	7,4	6,9	6,4	6	5,6	5,2	4,9	4,6	4,3	4,1	3,9	3,7	3,6	3,4	3,3	3,2	3,1	2,9	2,8	2,7	2,6	2,6	2,5
SOM	Somalia														116,5	115,1	114,1	113,4	112,5	111,6	110,3	108,7	107,2	105,9	105,4	105,3	105,3	105,3	105,3	105,3	105,3	105,3	105,3	105,3	105,3	105,3	105,3	104,9	104	102,2	99,6	97,2	94,6	92,1	89,6	87,2	85	82,6
SRB	Serbia															34,9	33,6	32,3	31	29,4	27,1	24,3	22	20,8	20,1	18,9	17,1	15,1	13,2	11,9	11,3	11	10,7	10,1	9,2	8,3	7,7	7,3	7	7	6,8	6,6	6,4	6,2	6	5,8	5,4	5,1
SSD	South Sudan											176,8	174,7	172,7	170,3	168,2	165,7	163	160,3	157,5	154,6	151,7	148,5	145,2	141,5	137,7	133,7	129,5	125,1	120,5	115,7	110,7	105,7	101	96,3	91,8	87,7	83,6	80,1	76,9	74,1	71,5	69,2	66,9	64,8	62,7	61	59,2
STP	Sao Tome and Principe	55,8	55,9	56,2	56,7	57,1	57,4	57,6	57,7	57,9	58,1	58,4	59	59,8	60,8	61,9	63,1	64,1	65,1	65,9	66,7	67,2	67,5	67,5	67,2	66,4	65,3	63,8	61,9	59,8	57,4	55	52,4	49,9	47,3	45	42,7	40,6	38,6	36,8	35,1	33,4	31,9	30,6	29,3	28,1	27,1	26,2
SUR	Suriname														47,3	46,2	45	44	42,9	41,9	40,8	39,8	38,8	37,7	36,6	35,5	34,5	33,4	32,4	31,4	30,4	29,4	28,5	27,5	26,7	25,8	25	24,2	23,5	22,8	22,1	21,4	20,8	20,2	19,5	19	18,4	17,8
SVK	Slovak Republic												18,9	18,1	17,3	16,5	15,8	15,1	14,4	13,8	13,2	12,6	12,1	11,5	11,1	10,6	10,2	9,7	9,3	8,9	8,5	8,2	7,8	7,6	7,3	7,1	6,8	6,5	6,4	6,1	6	5,8	5,6	5,5	5,3	5,2	5	4,9
SVN	Slovenia												15,6	14,7	13,8	13	12,3	11,5	10,7	10	9,4	8,8	8,2	7,7	7,2	6,7	6,3	5,9	5,5	5,2	4,8	4,6	4,3	4,1	3,9	3,6	3,4	3,3	3,1	2,9	2,8	2,6	2,4	2,3	2,2	2	1,9	1,8
SWE	Sweden	11,3	10,9	10,4	9,8	9,2	8,7	8,3	7,9	7,6	7,4	7,1	6,9	6,8	6,6	6,5	6,4	6,3	6,2	6,2	6,1	5,9	5,5	5,2	4,8	4,4	4	3,8	3,6	3,5	3,4	3,4	3,4	3,3	3,2	3,1	3	2,9	2,7	2,6	2,6	2,5	2,5	2,5	2,4	2,4	2,4	2,4
SWZ	Swaziland	118,4	115,6	112,5	109	104,9	100,9	96,9	93,2	89,6	86,2	82,8	79,1	75,3	71,2	67,1	63,2	59,5	56,3	53,6	51,6	50,3	50,1	51,1	53,4	56,7	60,5	64,3	67,8	71	73,9	76,2	77,9	79	79,7	79,4	78,5	72,1	71,3	71,1	67,9	65,1	59,4	59,1	57,5	54,6	53,1	52,4
SXM	Sint Maarten (Dutch part)																																															
SYC	Seychelles	54,1	51,3	48,6	45,7	42,7	39,6	36,5	33,5	30,6	27,9	25,4	23,3	21,5	19,9	18,7	17,6	16,8	16,1	15,4	14,9	14,4	13,9	13,5	13,1	12,7	12,4	12,2	12	11,9	11,9	11,9	11,9	12	12	12,1	12,1	12,2	12,2	12,2	12,3	12,4	12,5	12,5	12,6	12,6	12,5	12,3
SYR	Syrian Arab Republic	74,4	70,9	67,6	64,5	61,6	58,8	56,2	53,7	51,3	49	46,8	44,7	42,7	40,8	39	37,3	35,8	34,3	32,9	31,6	30,4	29,2	28	26,9	25,8	24,7	23,7	22,7	21,7	20,8	20	19,2	18,4	17,7	16,9	16,3	15,6	15	14,5	14,1	14	14	14,3	14,3	14,3	14,2	14,2
TCA	Turks and Caicos Islands																																															
TCD	Chad			127	126,5	125,9	125,4	124,9	124,3	123,7	123	122,2	121,4	120,4	119,3	118,2	117,1	115,9	114,7	113,6	112,4	111,2	110,1	108,9	107,9	107	106	105,1	104	102,9	101,6	100,3	98,9	97,5	96,1	94,7	93,2	91,7	90,1	88,5	86,7	85	83,3	81,6	80	78,4	76,8	75,2
TGO	Togo	131,7	129	126,3	123,5	120,9	118,3	115,8	113,3	110,9	108,6	106,3	104,2	102,1	100,2	98,3	96,5	94,8	93,3	91,9	90,6	89,4	88,2	87,1	86	84,8	83,4	82	80,4	78,8	77	75,3	73,6	71,8	70,1	68,4	66,7	65,1	63,5	62	60,5	59	57,5	56,2	54,8	53,4	52,1	50,7
THA	Thailand	71,6	68,6	65,7	62,9	60,3	57,8	55,4	53,2	51,2	49,2	47,3	45,4	43,7	42	40,3	38,7	37,1	35,5	34	32,4	30,9	29,4	28	26,7	25,5	24,4	23,3	22,3	21,4	20,5	19,6	18,8	18	17,2	16,4	15,6	15	14,4	13,8	13,3	12,8	12,4	12	11,6	11,2	10,8	10,5
TJK	Tajikistan			117,4	113,9	110,5	107,4	104,9	103	101,7	101	100,8	100,6	100,2	99,2	97,2	94,6	91,3	87,8	85	83,7	84,1	86,1	89,5	92,5	93,6	92,6	90,1	86,7	82,9	78,6	74,1	69,5	64,9	60,7	56,9	53,8	51,2	49,1	47,3	45,9	44,5	43,3	42	40,8	39,5	38,3	37,1
TKM	Turkmenistan								105,4	102,4	99,2	96,1	92,8	89,6	86,4	83,2	80,3	77,5	74,9	72,6	70,8	69,5	69	68,9	69,3	69,9	70,4	70,7	70,6	70	68,8	67,3	65,7	64,1	62,6	60,9	59,5	57,9	56,3	54,8	53,3	51,8	50,3	48,8	47,5	46,1	44,7	43,4
TLS	Timor-Leste																163,8	156,8	149,9	143,5	137,4	131,5	126,1	120,9	115,9	111	106,3	101,8	97,5	93,3	89,2	85,2	81,4	77,5	73,8	70,1	66,5	63	59,8	56,9	54,4	52,3	50,3	48,5	46,9	45,4	43,9	42,4
TON	Tonga	39,5	37,2	35,2	33,4	31,8	30,3	28,9	27,7	26,5	25,4	24,5	23,6	22,9	22,3	21,8	21,3	20,9	20,4	19,8	19,2	18,6	17,9	17,3	16,8	16,4	16,1	15,8	15,6	15,4	15,2	15	14,7	14,5	14,3	14,3	14,2	14,3	14,4	14,6	14,7	14,9	15,1	15,1	14,9	14,7	14,4	14,1
TTO	Trinidad and Tobago	43,8	43	42,1	41,2	40,3	39,3	38,3	37,2	36,2	35,1	34,1	33,1	32,1	31,2	30,3	29,4	28,7	28	27,4	26,9	26,4	26	25,6	25,3	25	24,8	24,7	24,6	24,5	24,4	24,3	24,2	23,9	23,6	23,1	22,6	22,1	21,5	21	20,5	19,9	19,4	18,8	18,2	17,7	17	16,5
TUN	Tunisia	121,9	116,2	110,7	105,3	99,7	94,2	88,6	83,3	78,2	73,5	69,3	65,7	62,3	59,3	56,5	53,9	51,6	49,4	47,5	45,8	44,2	42,6	41,1	39,4	37,6	35,8	33,8	31,8	29,9	28	26,3	24,7	23,3	21,9	20,7	19,6	18,5	17,5	16,6	15,7	14,9	14,2	13,6	13,1	12,5	12,1	11,7
TUR	Turkey	127	123,3	119,7	116,1	112,5	108,9	105,1	101,3	97,4	93,6	89,8	85,9	82,1	78,4	74,7	71,2	67,8	64,5	61,4	58,4	55,6	52,9	50,3	47,7	45,2	42,8	40,5	38,2	36	33,9	31,9	29,9	28,1	26,3	24,6	23	21,5	20,1	18,8	17,5	16,4	15,3	14,3	13,4	12,5	11,7	10,9
TUV	Tuvalu						61,4	59,3	57,1	55,1	53,4	51,7	50,3	49	47,9	47	46,3	45,8	45,4	45,1	44,6	44,2	43,7	43	42,2	41,3	40,3	39,1	37,8	36,6	35,3	34,1	33	32	31,1	30,3	29,4	28,7	27,9	27,1	26,4	25,5	24,8	24,1	23,4	22,7	22,1	21,4
TZA	Tanzania	127,2	125,2	123,2	121,2	119,1	116,8	114,6	112,4	110,4	108,8	108	107,9	108,5	109,6	110,7	111,5	111,7	111,4	110,5	109,1	107,7	106,3	104,9	103,3	101,5	99,4	96,8	93,8	90,1	85,9	81,1	76,2	71,4	66,9	63	59,5	56,8	54	51,6	49,9	47,6	46,2	44,8	43,7	42,6	41,5	40,3
UGA	Uganda	111	110,7	111,1	112,3	114	116,3	119,2	122,2	125,2	127,3	128,2	127,6	125,1	121	116,4	112,7	110,6	109,2	107,9	106,2	104,4	102,4	100,7	99,9	100,3	101,6	103,4	105	105,4	104,3	101,6	97,5	92,5	86,7	80,5	74,4	68,6	63,3	58,9	55,7	52,7	49,5	46,5	43,9	41	39,2	37,7
UKR	Ukraine		27,6	26,8	26	25,3	24,8	24,3	23,9	23,5	23,1	22,6	22	21,4	20,7	19,9	19,2	18,5	17,8	17,3	16,9	16,6	16,6	16,7	16,9	17,2	17,3	17,4	17,2	16,9	16,3	15,7	15	14,3	13,7	13	12,5	12	11,6	11,1	10,6	10,1	9,6	9,2	8,8	8,4	8,1	7,8
URY	Uruguay	48,6	47,9	47,9	48,4	49,2	49,4	48,5	46,5	43,3	39,4	35,5	32,1	29,4	27,5	26,4	25,4	24,3	23,2	22,2	21,3	20,6	20	19,6	19,2	18,7	18,2	17,6	16,8	16,1	15,3	14,8	14,4	14,1	13,7	13,2	12,5	11,8	11	10,2	9,6	9,1	8,8	8,5	8,3	8,1	8	7,9
USA	United States	19,9	19,1	18,3	17,5	16,7	16	15,2	14,5	13,8	13,2	12,6	12,1	11,7	11,2	10,9	10,6	10,4	10,1	10	9,7	9,4	9,1	8,8	8,5	8,2	8	7,7	7,5	7,3	7,2	7,1	7	6,9	6,9	6,9	6,8	6,7	6,6	6,5	6,4	6,2	6,1	6	5,9	5,8	5,7	5,6
UZB	Uzbekistan										95,7	90,3	85,1	80,5	76,2	72,2	68,8	65,8	63,3	61,3	60	59,4	59,2	59,1	58,9	58,6	58,1	57,4	56,6	55,5	54,2	52,5	50,6	48,5	46,4	44,2	42,1	40	37,9	35,8	33,7	31,7	29,8	27,9	26,2	24,5	22,9	21,4
VCT	St. Vincent and the Grenadines	47,9	50,5	53	54,9	55,9	55,7	54,2	51,6	48,4	44,9	41,5	38,3	35,2	32,3	29,6	27,2	25,2	23,4	22,1	21,1	20,2	19,6	19,2	19,1	19	19	19,2	19,3	19,3	19,4	19,5	19,5	19,6	19,7	19,6	19,7	19,7	19,7	19,5	19,2	18,7	18,2	17,5	16,9	16,3	15,7	15,2
VEN	Venezuela, RB	48,1	46,8	45,5	44,3	43,1	41,9	40,7	39,5	38,1	36,8	35,4	34,1	32,8	31,7	30,7	29,7	28,8	27,8	26,7	25,7	24,8	23,9	23,3	22,9	22,6	22,1	21,5	20,8	19,9	20,2	18,5	17,9	17,4	16,9	16,4	15,9	15,4	15	14,8	14,7	14,7	14,7	14,7	14,6	14,5	14,3	14
VGB	British Virgin Islands																																															
VIR	Virgin Islands (U.S.)																																															
VNM	Vietnam	54,3	53,8	53,2	52,6	51,9	51,1	50,2	49,3	48,3	47,3	46,4	45,5	44,7	43,9	43,1	42,3	41,5	40,4	39,3	38	36,7	35,3	33,9	32,4	31	29,5	28,2	26,9	25,7	24,6	23,6	22,8	22	21,3	20,6	20,2	19,8	19,4	19,1	18,9	18,6	18,4	18,2	18	17,8	17,6	17,3
VUT	Vanuatu	76,9	74,2	71,5	68,9	66,5	64,1	61,8	59,5	57	54,4	51,7	48,8	45,9	43,1	40,4	37,8	35,5	33,6	31,9	30,4	29,2	28,1	27,2	26,4	25,8	25,3	25	25,6	24,5	24,2	24	23,8	23,7	23,7	23,7	23,8	23,9	24	24,1	24,2	24,4	24,4	24,5	24,3	24	23,6	23,1
WSM	Samoa															31,6	30,4	29,4	28,3	27,4	26,6	25,8	25	24,2	23,5	22,7	21,9	21,3	20,6	19,9	19,3	18,7	18,1	17,6	17,3	17	16,7	16,5	16,4	16,3	17,3	16,2	16,1	16	15,8	15,5	15,2	14,8
XKX	Kosovo																																															
YEM	Yemen, Rep.	218,6	210,2	202,2	194,6	187	179,3	171,3	163	154,8	146,6	138,8	131,1	123,7	116,9	111	105,7	101,2	97,3	93,9	90,9	88,4	86,1	84,1	82,4	80,9	79,5	78,1	76,3	74,2	71,7	68,9	65,9	62,9	60	57,3	54,6	52	49,5	47,2	45,2	43,8	43,3	43,2	43,2	43,2	43,2	43,2
ZAF	South Africa					88,1	83,9	79,9	76,2	72,5	69,1	65,9	62,9	60,1	57,6	55,3	53,1	51,1	49,2	47,5	45,9	44,6	43,5	42,9	42,7	43	43,6	44,3	44,8	45,3	45,7	46,3	47,2	48,3	49,1	49,3	48,9	47,4	44,9	43,7	40,3	37,3	37,1	37,2	36,4	35,6	35,5	34,2
ZMB	Zambia	108,1	105,6	102,7	99,8	97,2	95,1	94,1	94	94,4	94,9	95,3	95,8	96,7	98,1	99,9	102,1	104,4	106,4	108	109,1	109,7	110,1	109,9	109,3	107,8	106	104,4	103	101,3	99	95,7	91	85	78,8	72,6	66,9	63,1	61,3	58,4	55,9	53,6	52,4	50,5	49,4	47,5	44,8	43,8
ZWE	Zimbabwe	71,7	71	70,4	70,1	69,9	69,9	69,8	69,6	69,1	68,1	66,5	64,1	61,3	58,3	55,6	53,2	51,4	50,2	49,6	49,7	50,3	51,3	52,6	54,2	55,8	57,5	58,8	59,8	60,3	60,4	60,6	60,7	61	61,2	61,8	62,3	62,8	62,8	62	60,6	58	55	50,8	47,8	44,4	42	40
