Country Code	Country Name	i1970	i1971	i1972	i1973	i1974	i1975	i1976	i1977	i1978	i1979	i1980	i1981	i1982	i1983	i1984	i1985	i1986	i1987	i1988	i1989	i1990	i1991	i1992	i1993	i1994	i1995	i1996	i1997	i1998	i1999	i2000	i2001	i2002	i2003	i2004	i2005	i2006	i2007	i2008	i2009	i2010	i2011	i2012	i2013	i2014	i2015	i2016
ABW	Aruba																																															
AFG	Afghanistan	150,5673375	153,663587	130,8473597	138,2717695	167,5078689	178,6355515	189,1131622	214,7444372	236,9159463	263,6614699	259,3380141	252,1107684																				106,8128139	169,8841288	178,7250741	196,1998917	225,798615	245,1461538	331,3254993	331,2271678	395,5679021	486,9793222	535,3307235	590,4566662	559,223161	548,5265822	494,2921982	489,7756091
AGO	Angola																390,8967401	406,9262451	353,1213113	337,7341722	498,1468049	419,0571471	461,8442615	2,128149855	7,18168832	-51,5616455	45,56075769	74,23337232	109,3019068	140,5562043	15,42949424	-15,04187229	83,42821067	224,8884992	267,7905839	281,2759143	226,4059786	453,7575313	629,2704433	251,732843	902,6093382	1095,241414	1219,032021	1492,119826	1853,506007	2091,133487	2062,581538	1777,44841
ALB	Albania															519,8238187	522,3605453	624,3746065	595,0007801	575,7327444	611,5528435	539,5648334	290,3006411	175,5259872	341,923968	571,3529041	717,6025496	1000,438491	705,1624706	820,012269	1042,310201	1120,14233	1265,039627	1369,505677	1784,39647	2274,730598	2535,164806	2838,874385	3343,591615	3961,319155	3622,890286	3530,054028	3850,766176	3641,192766	3866,501647	3937,222372	3458,725714	3606,903851
AND	Andorra																																															
ARE	United Arab Emirates																																28841,4412	28112,50072	29364,35603	32255,77622	33569,45841	36441,68228	37482,24478	38797,26142	28477,52473	31838,80908	36073,89773	37488,8798	39177,73018	40215,9679	36232,32285	34595,75031
ARG	Argentina	1195,191954	1304,830589	1299,440586	1971,027932	2652,003868	1899,230507	1789,809458	1942,629092	1951,196668	2231,522073	2414,597731	2405,880341	2475,942761	3014,43653	2257,998207	2479,274899	3164,769678	3094,315225	3487,511266	1929,283049	3713,732808	5086,328704	6172,401144	6338,668845	6773,74479	6605,785385	6863,789042	7122,696151	7193,568354	6641,347892	6530,061443	6073,10801	1929,413754	2628,248069	3405,837277	4164,440169	4868,405891	6074,411384	7555,321873	6929,449884	8747,586438	10926,70693	11185,78485	11210,87566	10547,20618	11738,07146	10723,5525
ARM	Armenia																												470,7703643			539,6935216	606,0076707	682,849075	815,8932442	1047,910412	1475,618612	1959,619521	2886,462806	3741,633093	2723,483014	2918,110539	3143,545827	3280,341004	3514,236835	3589,730537	3173,764425	3087,80998
ASM	American Samoa																																															
ATG	Antigua and Barbuda																																															
AUS	Australia	2704,288367	2855,858477	3279,759697	3983,550127	5371,585912	5835,355614	6224,681375	6395,639871	6758,455023	7418,436079	8282,515627	9809,349544	10357,74201	9421,695104	10081,85829	9153,276602	9079,039417	9285,673845	11501,18905	14206,81598	14205,3991	14672,07541	14491,74274	13989,30671	14450,31512	16143,2216	17433,5353	18674,42654	17025,88892	16391,33778	17055,37974	15445,66322	15980,14622	18746,99259	24199,5234	26372,5391	27738,30748	30960,0852	37326,90849	33076,0987	39987,50365	47389,16142	52310,48978	52704,51043	47725,13822	44097,36566	38747,79429
AUT	Austria	1762,799506	2036,332246	2500,535255	3336,116637	3963,764543	4505,241741	4861,574029	5805,31285	6962,498271	8321,077145	9180,403687	7869,495721	7897,975588	8041,655651	7573,590256	7743,078801	11021,42176	13793,93559	14931,20004	14854,8905	18392,02105	18950,71333	21059,23877	20273,45554	21561,95273	25379,98346	25024,29178	22309,93039	22807,51019	22387,36137	20328,91945	20181,51532	21814,53075	26659,97834	30504,20907	31815,8053	33998,25172	39078,26102	43501,15421	39517,62746	38985,49437	42642,09274	40024,97577	41674,33159	42364,30921	35936,70099	36699,28249
AZE	Azerbaijan																													450,5810798	408,3528168	358,2568618	435,2048239	550,7757848	643,9447026	738,0923032	944,2377909	1322,077303	2048,954751	3307,213068	3405,003948	3920,787338	4639,036392	5151,252263	5774,793989	6106,651009	4478,772902	2874,761195
BDI	Burundi											173,2215434	179,6990881	174,2510667	189,8182771	166,5450959	189,860029	186,2020011	165,4400242	152,8962684	152,9182644	147,4697484	151,4479952	134,5649997	113,8938319	106,1713408	101,2307105	79,31931672	95,66752666	83,27773803	87,97270461	96,87487728	86,48392634	72,45041284	47,89412899	65,39179479	84,44038286	101,478384	90,89441984	104,2494517	114,0856727	146,8217194	166,0249831	190,1259639	205,5235575	232,1525767	217,507403	201,7006078
BEL	Belgium	2419,868812	2701,937787	3362,352706	4323,649878	5042,872448	5898,613836	6418,990563	7391,702194	9060,608656	10259,1674	10973,08975	8916,508983	7833,486956	7414,733441	7149,977577	7434,348206	10400,99193	13010,87945	14165,72577	14201,18365	17775,43029	18160,82968	20085,47986	19385,18375	21206,42837	24723,1371	23909,89706	21600,66356	22000,88647	21789,3836	19918,92852	19585,41247	21177,41263	25925,48342	29906,94205	30912,04824	32358,98937	36992,58731	40516,28319	36207,83781	37246,56599	38885,40651	37008,58103	38198,77307	38472,36389	32454,7889	33292,14558
BEN	Benin		106,3175409	127,8213613	154,3974148	166,6792575	196,7748125	195,4062947	205,5042999	246,5653232	306,755945	352,4449968	315,0132471	294,4780759	245,8218707	226,8796533	218,4148864	273,3229966	307,843716	311,7852936	273,900405	347,021904	341,124436	272,34671	358,0736549	235,6431597	309,2995115	321,6658621	298,2973946	315,4836051	337,7615606	315,5987387	320,3320386	355,0064801	440,6639937	498,0926034	517,4235682	534,0922979	598,251976	697,5054499	668,8030935	637,3324269	697,1910401	702,2339721	765,8471086	789,7306315	655,3282937	656,8480076
BFA	Burkina Faso											263,8323299	235,3742862	224,508205	198,6476643	175,6659814	183,2081755	233,135985	262,6068839	281,2726747	273,1279857	313,7319415	308,5880038	210,9061056	214,4328164	164,4609447	199,055087	213,5935552	195,8303871	218,8093738	238,561691	205,9448406	214,7235358	238,23243	302,797157	333,0532679	360,5943472	372,3292803	411,5941779	484,388182	460,7097828	454,6326324	500,947465	517,3814354	541,5344086	534,5250763	414,9702197	455,1429818
BGD	Bangladesh				108,5366062	165,6822337	250,2007879	126,6208442	115,3483661	155,6031688	179,2053849	203,8018939	225,7403492	200,5996919	188,4284024	197,345222	223,9959153	213,3988197	232,7378479	247,4331252	261,1790943	278,8046137	267,1672085	268,0139275	275,2558592	275,433394	302,6070439	360,8674455	368,2744211	374,1537015	376,8836141	384,8833406	380,7278359	382,7456655	413,5135713	441,9128798	463,649568	472,5038319	521,8356013	601,6744913	672,5852587	748,2448363	820,2429838	846,8105147	936,5263651	1049,952284	1175,338262	1309,337395
BGR	Bulgaria											1885,651691	1893,004429	1838,147833	1579,567273	1682,075316	1634,514229	1930,937398	2663,734918	2090,626218	2031,896158	1834,656938	953,416122	1027,871396	1077,764368	997,570264	1350,497531	1049,691615	1201,395895	1520,982805	1359,288169	1356,427733	1536,096546	1847,66386	2357,318871	2924,887065	3318,319867	3704,607827	4634,186657	5974,134123	5802,643819	5580,350044	6348,5047	6166,983226	6391,005104	6563,615172	5797,339762	6326,075104
BHR	Bahrain											6454,616186	7621,360316	7685,12957	7431,961035	7641,154698	5865,44882	5014,423155	5354,239954	5604,597441	5543,183771	5610,808523	8125,212433	7846,140071	7991,525274	8329,642532	8910,468445	9133,957879	8910,906753	8581,431606	8619,896165	11490,88384	10680,01117	10772,78254	11896,05093	13356,98194	15457,08645	16666,04746	18387,62578	19699,67369	15398,51324	16772,50217	17231,37658	17800,8709	18595,28324	17677,63418	19133,78273	18906,70514
BHS	Bahamas, The											5504,55529	5657,273193	6240,046609	6689,333132	7729,336896	8683,884511	9063,110037	9835,250116	10110,85663	11015,27915	11000,54221	10631,83268	10753,12755	10296,34144	10580,58763	13135,46537	14944,99526	15761,75183	17397,46005	18967,394	19493,13055	19709,07999	20641,33703	20257,47894	20243,10041	21332,29232	21434,33563	22010,29822	21739,26845	20039,73021	19702,64889	19385,31679	26250,40882	25507,69552	25175,36885	25421,23455	24603,44141
BIH	Bosnia and Herzegovina																									250,1513916	392,345695	653,2835389	875,9917317	1261,533914	1378,477132	1535,109088	1575,009927	1785,647321	2197,431468	2559,1524	2826,941838	3188,464362	3823,543667	4665,769962	4316,488722	4106,108982	4402,58328	4068,267369	4416,739575	4520,222856	3968,588752	4130,211149
BLR	Belarus																							1437,199352	1377,106164	1152,209808	1063,911979	1140,498511	1113,188642	1235,300538	1001,308673	1076,877169	1063,709974	1288,605471	1613,540029	2124,235399	2795,051735	3429,683697	4205,745094	5684,19513	4561,687932	5364,951313	5802,182087	6169,451771	7005,548989	7335,552642	5170,602471	4297,007633
BLZ	Belize											1262,927451	1214,775148	1067,361706	1090,720863	1140,121501	1117,614033	1239,935217	1438,4275	1601,146189	1806,027176	2013,229045	2122,440232	2421,737728	2573,607774	2614,37732	2735,370089	2740,450881	2711,31089	2723,097469	2727,463539	2664,127496	2657,044954	2781,479284	2811,262583	2849,352001	2944,456038	3038,585775	3010,324122	3006,606998	3131,311036	2984,17016	3220,028656	3386,519104	3435,408215	3616,47032	3799,852311	3676,390327
BMU	Bermuda																																															
BOL	Bolivia	219,0317268	232,9243293	260,4806695	252,9886648	395,6526109	457,1785761	507,9211108	576,9587361	652,8256434	721,8519658	692,9741229	987,8007095	793,6658171	781,0256266	846,5110964	719,772615	526,5497186	576,680257	590,2629922	589,9535819	601,3164301	668,203047	700,9871249	699,6101	720,1939401	793,9906472	865,5182409	906,3976612	964,4129886	905,4103996	878,8133371	843,0844039	805,4080466	797,0955824	819,0718612	846,4411293	961,7265486	1063,340964	1379,241132	1452,926703	1588,682051	1833,53147	1985,488624	2210,85072	2355,333949	2484,49573	2528,416882
BRA	Brazil	399,7145944	454,7743106	528,0179521	693,0309523	893,0648695	1015,076747	1214,931793	1372,651641	1514,95137	1644,102226	1643,283121	1789,939127	1841,721549	1265,701158	1279,290921	1331,146898	1594,427876	1732,296839	1908,803241	2697,169139	2619,059194	3402,606089	2236,785502	2389,599944	2945,737158	4132,125879	4456,775168	4520,455577	4294,527379	2890,677934	3107,443273	2612,068501	2341,67974	2540,432316	2993,513663	3928,107632	4792,433301	5964,813521	7049,204043	7075,399352	9326,830685	10965,83379	10308,71813	10389,42873	10161,9568	7439,69522	7356,810741
BRB	Barbados																					6866,701549	6823,626659	6704,131597	6971,473693	7313,359021	7550,173588	8012,34953	8443,868872	9515,090327	9866,848398	10143,32548	10070,40946	10186,89857	10465,68025	11067,61132	12077,42916	12896,52713	13843,13895	13945,29431	13526,90822	13796,10045	13598,16935	13943,4128	13827,78561	13770,18517	13618,11553	13396,88111
BRN	Brunei Darussalam																				9143,85971	9537,900271	10841,42697	11972,37064	11425,80814	11154,32834	12562,33622	13182,00219	13205,88619	10518,2352	11146,1314	12758,85833	12328,97877	13121,52165	14237,8499	16314,62109	18310,0487	21457,91251	24708,23221	28210,79944	22196,97778	26986,37511	32317,79925	33825,07661	33921,92904	32949,58587	27860,21743	24809,29336
BTN	Bhutan											228,1578846	235,3348428	217,7531668	232,5365924	262,4082515	264,6717923	298,6247411	384,2544191	434,9199877	436,453099	467,6721204	374,4881791	365,5336162	355,8320851	433,8800607	455,1872382	478,6078943	566,0197329	524,8041675	549,7376855	691,7648122	734,7154882	797,1572971	884,7040507	974,2946459	1119,245565	1204,108241	1537,661603	1561,28301	1521,717516	1819,062355	2045,177633	1991,577434	1963,039645	2090,299449	2111,908139	2199,245689
BWA	Botswana											851,3037378	916,7776517	827,2785489	867,6973248	846,0422688	743,7306601	911,993313	1184,09881	1573,041601	1776,181438	2322,679252	2453,398406	2538,383871	2594,173254	2249,800905	2556,127583	2444,386326	2586,381332	2591,835022	2710,414769	2756,20648	2727,038477	2312,123418	2977,459351	3401,097102	3879,613731	3761,713166	3977,023927	3927,337842	3590,181833	4584,725307	5998,170866	5477,9511	5266,123678	5683,762088	5054,856567	5319,268914
CAF	Central African Republic											307,4589361	265,9230896	274,7837906	231,4760328	221,2558636	297,1715569	374,4421923	384,4126381	398,4966959	384,1051377	441,5935853	412,6581354	412,1764767	362,166244	235,7201205	303,3771994	263,6764355	242,7349719	245,6690898	251,0795168	223,6954416	224,977054	234,5565733	266,1884271	289,8118616	301,2658002	322,8337751	366,6922185	416,4112721	409,3522569	405,9188569	444,8297818	427,9366389	275,792659	313,5274499	281,7643892	299,1270511
CAN	Canada	3399,299037	3768,297935	4270,642181	4784,378634	5577,836228	5988,200688	7064,651455	7090,855389	7236,030692	7583,877423	8336,663237	9437,555126	9630,486542	10432,13145	10779,64166	11034,27574	11497,57653	12977,91673	15087,28157	16443,3569	16820,97813	17266,85891	16411,39231	15859,53662	15743,94122	16364,13371	16711,17267	17326,30444	16605,76101	17573,31252	18996,86868	18617,04951	19241,37272	22730,07371	25700,23541	29338,49055	32581,88988	36064,98293	37553,41451	32835,96669	38392,88512	42189,30613	42632,22589	42560,92124	41032,87182	35294,48904	34333,90738
CHE	Switzerland											16036,31997	14786,64383	14901,25895	14778,42062	14137,11355	14242,15688	20049,68015	24599,9297	26458,98309	24833,8113	30995,35396	30981,21842	31676,27074	30789,76162	33738,01787	40025,81481	38575,09015	34315,02521	35463,56748	34793,39505	32724,63916	32074,29009	33723,99178	40859,33036	45350,52025	47910,32818	49977,43711	50935,66036	52732,74386	56226,40297	63530,77136	71250,01469	68153,99481	69223,5653	68951,13543	66829,28823	63371,11183
CHI	Channel Islands																																															
CHL	Chile	811,4296828	979,394241	1060,964793	1428,929586	1301,931672	557,5958813	761,4352078	1065,822987	1210,138209	1630,896931	2156,610159	2548,373448	1732,075698	1312,311206	1224,443082	1003,258653	1096,029285	1305,122144	1481,254656	1668,278734	1882,57175	2159,468414	2656,202513	2868,260085	3223,217618	4108,210113	4303,545598	4646,476943	4511,624527	4000,475187	4026,499091	3688,876303	3586,725909	3708,429785	4501,593266	5440,418733	6032,378179	6810,894149	7483,597755	7459,724625	9187,61907	10647,51645	11468,62532	12049,68182	11355,9466	10712,01651	10854,27756
CHN	China	110,3259723	115,4136899	128,2376642	152,4046601	151,352249	165,8091606	152,0791599	169,7450979	141,940976	158,0057478	163,8964961	166,831649	176,8871368	201,2907452	226,292532	251,1657276	245,795153	217,7587454	248,3155153	269,4282944	271,406504	290,4329401	322,5027499	328,9939819	433,3523705	548,7499233	634,5147001	701,155438	733,8326081	772,1061156	839,5663883	914,8667015	1009,758765	1128,237713	1298,31253	1488,10132	1775,482699	2256,384848	2811,488489	3191,347105	3667,160725	4381,129864	5007,033294	5520,398263	6064,788414	6330,711926	6342,083369
CIV	Cote d'Ivoire		264,4142719	296,877467	381,5123879	451,8149734	539,6458436	617,3166866	791,454169	930,672155	1002,473121	1061,722058	818,5689078	703,4949719	583,7512568	583,471824	558,8814898	734,8324503	767,6795024	754,0691138	659,3847911	697,9333607	669,4729037	698,7066344	666,598495	501,4033951	650,0703949	704,8385866	674,4460761	721,2123648	684,9483692	547,9893812	553,5255195	590,7727954	696,434671	771,5008722	830,1603097	829,9331234	946,0524815	1100,602702	1104,223249	1102,77322	1073,396017	1135,53436	1280,714333	1457,573376	1320,050528	1406,311247
CMR	Cameroon		159,3110103	180,1528509	196,7069242	244,496095	296,0762401	322,2650566	294,8287706	455,7778074	563,8550061	519,5539479	646,7675071	655,9174798	640,0734677	646,2613026	664,2467465	925,7351612	1001,81437	1011,704597	830,841719	772,2951768	852,2413298	757,6493782	1029,114626	669,0636233	591,7261536	618,0602055	618,9078887	615,7043812	625,3867228	513,6427855	524,866123	578,9543412	734,5373578	861,4965324	843,1374587	890,6815487	986,6790814	1109,900387	1132,438228	1083,684185	1166,297325	1112,605904	1206,355205	1299,661555	1141,000777	1147,990182
COD	Congo, Dem. Rep.		259,8575328	278,2912982	344,4492489	408,4133538	418,8369695	374,6967023	460,8814466	565,2286288	537,3852511	491,6639495	410,6108311	432,32723	336,5636252	234,9723224	200,9439801	231,869998	192,71834	218,4139513	218,5637399	208,6378526	192,5073664	174,8304837	222,7947762	105,1060996	97,36549722	105,1930465	109,4639893	109,824013	78,92729418	335,4829798	122,5974799	142,3678067	139,4293178	154,8488172	171,0778281	182,5299215	194,5960588	210,9201547								
COG	Congo, Rep.		198,4968475	238,7512465	280,9020235	232,2344006	334,2451965	301,623622	301,1478575	308,4129009	323,637786	466,8442144	674,5704809	784,6708876	658,8219995	541,2157255	520,203483	552,8501386	617,708366	454,0711964	350,913733	331,8122908	463,1171614	507,7507919	184,7785616	228,0955618	71,94682256	72,91268987	148,1231064	232,4359745	132,0052286	67,44093139	139,6596887	199,7828917	284,70717	226,292929	118,5986188	71,91268371	310,1978519	502,8087266	630,085875	510,5500488	310,8850576	456,5598102	801,9341728	1019,358755	1114,341497	900,8804868
COL	Colombia	280,7895234	297,3250317	323,7674007	381,5004686	439,9428236	452,0817426	520,6047126	660,7364924	779,5240653	904,1550137	1054,250885	1115,013087	1147,935665	1093,483487	1056,721145	932,130729	937,5491578	924,6551874	998,2518175	955,3008703	934,6172959	978,069368	1166,440942	1322,545994	1949,408524	2154,1415	2181,56548	2348,351751	2150,799168	1795,399244	2007,341885	1974,360077	1931,60971	1812,686478	2201,231878	2691,667314	2937,622383	3741,502053	4259,402395	4148,482967	4991,089661	5576,836552	6170,249273	6343,068422	6304,585863	5034,990511	4814,316632
COM	Comoros											364,314822	323,4157486	296,1354719	296,1120431	279,3884904	285,0008253	392,7074966	461,6833353	470,6349438	445,1554212	535,2831007	514,3825438	548,2830409	521,2050217	350,0014606	433,793597	414,1093924	373,6498628	363,3531578	369,9121178	329,375364	352,4236924	384,6739706	477,8035053	541,0019182	546,4733118	569,1559379	635,3271227	697,1860846	679,3595437	679,2656867	740,897679	707,728029	756,682723	778,2006616	666,2781844	716,0222934
CPV	Cabo Verde											405,0795988	405,838904	384,4793773	363,7604946	340,4154581	350,4593224	493,8691855	607,2168565	671,0080259	677,0710594	743,4298033	754,7163116	825,7015214	1111,605795	907,8535312	1017,938629	1043,313303	977,5951086	1026,617448	1155,860389	1015,064292	1054,12774	1119,725033	1449,61899	1619,494656	1617,736908	1793,656823	2488,565294	2867,653941	2682,417536	2504,829928	2790,987746	2540,035238	2585,151965	2602,397711	2201,208052	2178,452293
CRI	Costa Rica		487,6052789	537,595106	642,7030457	690,5018198	769,5722333	939,3705751	1175,014236	1303,26806	1425,186516	1676,161147	797,1839019	702,7186069	1261,028657	1476,765087	1522,177442	1716,967912	1774,858704	1789,922142	1974,744247	2126,65362	2028,067279	2356,927411	2578,403444	2779,866653	2955,758933	2932,138182	3088,130417	3245,926328	2976,728225	3384,655426	3539,441913	3614,694308	3708,715663	3953,545436	4211,706213	4735,303287	5552,425736	6321,029832	6141,526112	7373,219044	8270,957192	9011,537203	9486,740664	9504,345267	10169,66813	10441,63356
CUB	Cuba	587,7362169	701,2121889	810,6458161	978,9169903	1100,538778	1231,466987	1288,091255	1313,823916	1637,872	1782,652335	1789,529559	1797,048486	1860,490853	1961,171857	2111,191922	1982,333178	2079,76481	2142,338684	2308,976547	2252,81692	2362,099244	1999,061402	1816,758591	1838,377272	2324,93166	2434,322911	1980,739738	1998,609116	2026,771934	2212,441725	2351,493339	2450,453818	2594,844829	2770,713769	2923,018997	3262,350824	4038,785701	4356,422781	4573,216026	4675,641594	4803,708581	5150,785147	5475,477981	5792,033271			
CUW	Curacao																																															
CYM	Cayman Islands																																															
CYP	Cyprus						893,9614476	1020,784731	1335,722081	1739,378877	2290,149539	3771,765803	3550,512987	3622,529395	3531,944666	3684,334559	3875,330931	4873,864135	5858,128874	6692,801969	7053,40759	8464,385157	8516,34477	9892,758433	9224,934014	10151,18096	12680,73597	12525,46193	11851,01388	14007,35129	12914,96689	12050,56215	12478,44076	13791,3112	17313,27519	20300,52014	21456,45427	22947,14218	27282,98154	30567,40037	27902,68417	26229,72467	28352,27084	24504,54817	22868,23173	22509,96222	19572,21828	
CZE	Czech Republic																								3095,427482	3625,628179	4496,748704	5040,87518	4582,581295	4932,119033	4758,232083	4508,110645	4926,965517	5968,491445	7290,524354	8608,893956	9978,621299	11196,56985	13503,24706	16506,83783	14036,19278	14047,50358	15388,22579	14256,44278	14326,11745			
DEU	Germany	2423,528202	2785,4299	3317,990767	4400,159838	4878,043155	5355,401557	5718,047413	6611,917181	8195,143099	9696,426144	10367,06634	8630,490483	8329,208868	8314,30122	7881,261688	7989,359755	11372,37235	14166,352	15318,16533	15233,12849	19037,96847	19849,19046	22368,62022	21456,49347	22728,58274	26566,58138	25516,37845	22483,03827	22693,90307	22140,50521	19615,88833	19442,24376	20563,54309	24845,70918	28589,61323	29095,39975	30863,27629	35356,21362	38251,01649	34929,86157	35076,57516	39679,93079	37246,83038	39262,79965	40473,49168	34812,24964	35494,44953
DJI	Djibouti																						754,5488745	769,9534817	756,8812613	763,4894231	765,5070187	731,2320771	722,5160296	709,4294526	729,6803152	735,8269959	740,9870012	753,3694158	827,2360281	884,0248089	921,4016446											
DMA	Dominica											758,0321992	850,5029117	922,4966218	1019,991472	1135,480559	1209,079334	1436,670478	1608,959857	1862,413332	1955,90856	2165,264182	2307,232281	2467,647648	2593,301365	2723,473975	2812,093284	2909,715798	3063,926317	3276,077534	3275,242694	4016,809797	4252,179222	4137,129643	4287,386832	4490,239871	4445,655444	4861,88068	5155,707406	5618,485294	5907,722883	5977,210413	5816,064345	5413,279574	5416,245284	5674,979375	5691,329158	6089,319441
DNK	Denmark	2968,744058	3282,451545	3979,584888	5338,995611	5798,286491	6873,230812	7624,929888	8521,724631	10344,11612	11901,08818	11734,32904	9993,249604	9714,82967	9778,08307	9516,86169	10078,12164	14318,44635	17725,79151	18557,74242	17755,47801	21839,59717	21681,43415	23892,40499	22445,25614	24545,94242	29058,48463	29212,57561	26808,98984	27436,68614	27397,06282	24802,8638	24806,23555	26945,05781	32849,79445	38085,25932	40273,93654	43099,12158	47980,3312	52211,43156	47528,99953	48030,66334	51290,758	48845,74432	51815,98929	53725,4387	45643,7617	45785,71928
DOM	Dominican Republic		343,667848	406,4563209	457,7852754	554,1407364	665,6610158	712,0422525	794,0875365	823,9989409	932,8764651	1048,738157	1116,132768	1210,032351	1276,549406	1497,658955	692,1430327	845,8028353	777,5331384	688,7406126	855,3842576	894,1758783	1212,336933	1394,143894	1536,037932	1706,001156	1874,675601	2070,69329	2208,462836	2351,064471	2353,981992	2539,97625	2604,573859	2703,484383	2026,620418	2049,614867	3267,53529	3400,811638	4089,085158	4579,156844	4556,190691	4996,474133	5235,771485	5408,73482	5363,774425	5569,050304	5800,164684	5976,007944
DZA	Algeria	297,7325771	306,4746315	400,0646005	493,7489828	657,0422036	759,449174	816,2278689	930,2732728	1161,266717	1191,748848	1551,445201	1749,165912	1775,378671	1871,96365	2009,255809	2095,172497	2328,533355	2340,167589	2023,036342	1844,609653	1970,889454	1421,799715	1511,051566	1511,348272	1252,684806	1196,879516	1280,552808	1332,610467	1348,744785	1309,133377	1420,982192	1435,382385	1451,176228	1678,277605	2031,088981	2289,672854	2544,814528	3022,892078	3774,178952	3124,526743	3649,651285	4315,633719	4414,404335	4343,721225	4337,86877	3384,932387	3093,414295
ECU	Ecuador	433,9552826	399,6079614	451,3318189	536,8756824	852,3309195	999,8423462	1130,746093	1350,002104	1412,972179	1515,440058	1860,144115	2264,258406	2018,376575	1598,003876	1531,525331	1485,086777	1345,69613	1156,822713	1031,930071	1045,329067	1105,415148	1302,344497	1396,192241	1444,32753	1694,716275	1767,650331	1753,760709	1966,657307	1934,299197	1250,714199	1070,481079	1524,27293	1787,955601	1960,640674	2090,351907	2264,049919	2464,428168	2634,054486	3263,527529	3449,233373	3683,597336	4083,63702	4539,552974	4869,471137	5100,017994	5101,469859	4937,909444
EGY	Egypt, Arab Rep.	209,1338297	219,6974538	228,0801803	243,1511628	218,5230277	265,7590801	296,546795	308,3774498	292,6287847	293,397603	347,0485237	362,0186724	404,8174337	433,4395601	454,5703538	487,0079468	544,6127885	646,4329922	551,146781	584,1701884	583,5025772	526,1006171	587,9939123	647,2178787	729,0458959	833,5195904	917,7329057	1071,182381	1167,040601	1197,556941	1287,627009	1263,108617	1093,918752	994,8582002	904,607157	980,0266761	1163,902987	1409,353547	1672,936419	2010,677906	2232,4305	2284,74985	2694,884906	2730,168775	2859,239994	3183,82917	3123,247712
ERI	Eritrea																								130,9912282	148,4024884	156,7156135	182,3113507	178,5982853	194,3628718	181,3966599	178,3378472	184,3710153	173,5287312	197,4186036	246,2861778	240,7315426	261,8238486	275,6003349	278,2724551	376,3767899	422,9229148	433,3530017					
ESP	Spain	1047,118651	1180,582363	1494,693117	1977,601882	2417,726574	2796,599048	2837,386425	3147,080738	3788,189906	4998,384335	5323,133565	4525,649527	4327,856661	3722,767699	3743,167199	3959,299446	5526,698369	7039,790873	8276,499604	9193,580632	11896,35202	12779,95732	13911,338	11482,43492	11385,18605	13336,33613	13783,31658	12626,95525	13219,38006	13512,87456	12619,52635	13059,56074	14468,57293	18313,34611	21086,49071	22186,65132	23670,93588	26876,47056	29024,29923	26397,45789	25097,81121	25696,6966	23292,02673	23746,35879	24181,55643	21291,13952	21890,4028
EST	Estonia																															3405,872605	3743,87237	4407,963441	5881,278123	7259,771537	8608,35112	10332,18424	13322,16815	14574,16854	11779,59222	11456,55768	13948,83105	14045,83418	15614,61215	16250,93293	14031,63889	14570,40909
ETH	Ethiopia												179,9484753	176,3202442	202,177705	184,4371979	214,1347815	208,1506176	216,5840004	214,9231319	218,3172332	221,3404889	236,4647856	170,4806744	138,6013389	95,82135246	93,30517254	104,3891878	102,606015	85,78354274	93,30281183	97,01213366	94,59303975	81,09545304	72,4253277	92,38948008	116,616682	143,1588719	175,3932832	243,9651901	286,684649	258,8923602	263,5695613	351,9681598	375,9444807	432,5521467	482,5649109	522,8082799
FIN	Finland	2138,3673	2332,320331	2722,943168	3560,780799	4483,049816	5231,098798	5607,459409	5797,694534	6256,454664	7743,017219	9265,088477	8943,60386	8950,205896	8547,582262	8843,109541	9307,969537	12250,21709	15135,9752	18012,76611	19142,3675	22286,6966	19386,81019	16717,07208	13116,67258	15476,49936	20716,05379	20553,07204	20043,77808	21050,02797	21540,90256	20022,00501	20623,97345	22309,18348	26951,86778	31345,87262	32212,89188	34302,79953	39993,31078	43754,79223	38543,80966	37968,52694	41405,51769	38428,2074	40184,66133	40665,05587	34800,47513	35669,07074
FJI	Fiji											1682,506728	1684,800502	1537,33718	1432,208834	1474,205215	1423,867215	1599,415879	1436,707389	1345,321072	1432,221895	1569,217576	1615,806441	1766,049113	1873,472089	2016,276834	2218,378494	2393,433771	2285,849536	1767,050527	2046,165334	1866,34315	1798,407796	2061,978614	2548,702717	3028,218316	3382,82202	3269,257095	3644,623019	3745,81965	3073,447005	3221,28761	3686,372489	3818,902124	4136,444051	4217,076917	4131,984274	4353,991443
FRA	France	2529,3052	2781,562228	3375,066373	4333,900778	4599,965857	5745,538606	5893,603662	6445,15353	7979,905629	9626,209408	10919,84807	9495,751936	8928,634634	8434,818898	7938,264228	8282,978814	11601,08897	13992,27258	15174,89674	15060,90941	18570,68567	18430,06101	20378,38758	19111,84006	20077,76158	23045,01567	23138,03973	20967,11951	21654,10407	21550,53288	19391,36601	19503,40647	20796,05881	25345,27839	29079,20756	29832,7807	31230,58893	35609,40951	38666,36973	34924,18133	34294,35245	37028,96973	34054,37926	35496,92278	35810,25665	30544,59053	30718,7348
FRO	Faroe Islands																																															
FSM	Micronesia, Fed. Sts.																																															
GAB	Gabon	403,9127185	459,1049485	471,1627089	790,4376306	973,4139936	1672,465397	2686,247788	2185,908929	1497,587778	798,9566662	2622,4273	3017,024721	3012,29187	2599,518388	2705,841976	2257,829318	2505,773533	2119,839693	2929,172794	2553,330595	2819,082239	3005,197727	2808,4431	1846,855452	1905,906437	2180,940335	2280,423753	2146,344585	2357,589752	2098,107107	1632,83134	2174,429872	2506,434553	3019,791402	3059,300032	3586,845358	3647,849168	3990,615913	4546,357798	4493,443294	4509,230359	4969,960213	4929,326158	5298,82333	6149,59064	5213,790567	5066,994028
GBR	United Kingdom	2220,02149	2484,150369	2823,686879	3192,31033	3393,134062	3987,73112	3816,188093	4228,395802	5381,045832	6846,4062	8638,307119	8144,413026	7786,057847	7436,241366	6998,501728	7330,165029	9221,928476	11302,41807	13818,76817	13841,53975	16138,93044	16833,09057	17607,1781	15870,45237	17406,97758	18883,2878	19891,87776	22406,85774	24308,59322	24340,31512	24186,86922	23740,34129	25923,44599	29676,22505	34826,31231	36651,75168	38158,20741	43373,05583	40212,07806	32826,00982	33816,25901	35962,6316	35664,20338	36247,6811	39493,57755	37409,69623	34204,40891
GEO	Georgia																													764,7253716	587,2222162	644,2127195	660,8207638	697,2876748	824,9893689	1100,266047	1392,310138	1726,055025	2254,827024	2824,459366	2400,608881	2536,376962	3148,743338	3621,873753	3712,354971	3904,713718	3250,060804	3252,226718
GHA	Ghana		252,8672281	215,4498653	245,4141652	282,0310882	265,9900655	257,8341211	297,1339085	340,5231834	363,1157994	385,1737007	360,9529894	336,0757288	326,7936666	337,2186093	329,4855459	400,7009295	338,9953463	337,727149	335,2706395	368,1737743	406,1078629	378,7797231	324,0218391	280,7005211	327,0963531	340,2685248	336,0760421	354,013974	368,1551134	223,5260533	231,3230856	257,9809765	296,0358492	339,6783014	402,839923	763,0538201	878,9900993	968,2842242	838,3300015	992,3857034	1116,138483	1078,600205	1234,522351	897,6137402	874,5849703	952,5847209
GIB	Gibraltar																																															
GIN	Guinea																	295,5490584	314,9128703	361,0200123	346,5970997	364,2814813	393,2724961	420,0003623	407,4826488	396,9421017	393,45575	400,9742631	392,6166989	361,3930916	347,6235551	290,9697324	266,0302975	272,1664637	276,1970272	297,9532187	223,0103349	329,4063423	494,795589	503,1612011	457,2648461	457,4658275	430,6606649	461,7140538	534,7067164	552,5203966	532,9799359	463,9623429
GMB	Gambia, The											333,1572555	292,1946019	277,8441481	249,7800269	217,8890572	301,6436073	244,1200144	270,2864714	277,1269364	256,9763099	264,652703	606,2436963	604,2724785	618,3819668	592,6786266	603,155064	632,3776773	573,2969433	579,4830971	546,692183	506,9944362	426,7819438	334,6082306	267,1817756	320,9545591	331,6089808	329,6982001	383,5045799	444,5682063	394,5944935	405,4965087	348,6734965	333,604605	325,4983251	293,8836005	305,4334251	318,7901699
GNB	Guinea-Bissau											121,8827266	176,3602772	183,8446158	179,1079017	148,213362	165,5426965	132,8611627	165,6668163	151,8636406	192,7170962	219,0738884	219,5916527	186,4606966	191,098153	186,2683125	190,4857339	198,0846591	196,0776666	138,8175495	153,8420149	262,2398555	270,0252607	282,8071677	306,2555827	340,146682	366,3785756	361,7676052	404,3756379	483,2722843	445,0927091	459,4986139	596,5932328	503,9285283	504,3357736	536,2931657	481,935018	496,1643704
GNQ	Equatorial Guinea											175,3597649	100,7401093	107,1145208	118,3706413	128,9024487	145,2106305	170,8258643	209,1384098	215,4810517	179,867876	259,4096599	256,6170191	305,8399013	253,8660704	168,183403	176,6602382	270,5723794	222,1300995	236,7122288	105,5759342							1725,446006	4288,003573	5390,749127	4972,273702	2930,425589	4095,023796	4599,189204	5438,374165	6112,088947	4631,320567	3983,915241
GRC	Greece	1391,729346	1539,972227	1761,048165	2318,560427	2621,657251	2902,850752	3125,291357	3566,48489	4275,257265	5190,928618	5344,452086	4830,251564	5028,396004	4467,315666	4280,48863	4226,682925	4909,190954	5729,959742	6648,08174	6885,63599	8583,298019	9175,361805	10104,99124	9368,348665	9971,298762	11527,22635	12114,14886	11853,51572	11772,49242	11371,64519	10527,33101	10932,81222	12258,6032	15720,74736	18593,92952	19286,36611	20743,16672	23853,11171	26197,97128	24350,93828	21801,18481	20538,01992	18021,54266	17631,71328	17789,53601	14572,46504	14303,30865
GRD	Grenada																																															
GRL	Greenland																																															
GTM	Guatemala		314,9735131	323,0661333	383,7446319	460,8709579	511,8744909	604,3869763	741,3693544	799,6501422	885,0496466	974,7535402	1039,403994	1006,692235	1034,47106	1054,247371	1052,246195	755,5598664	723,7499968	784,2808523	825,9684509	724,9718766	881,1887979	958,0563875	1027,084484	1137,328576	1251,674831	1302,839309	1443,168982	1544,419178	1407,419456	1435,410556	1408,53171	1513,191889	1555,318007	1654,746338	1826,169015	1956,967178	2133,191208	2371,943846	2230,445336	2361,934751	2652,640491	2773,843101	2909,88452	3082,311989	3302,934784	3486,993883
GUM	Guam																																															
GUY	Guyana											663,1221117	596,5224862	482,8652083	484,1759195	422,4895539	456,6200596	499,677515	321,4016218	402,5217435	330,9953868	359,5448919	314,9010042	370,1578166	488,7018812	623,9245212	730,5457662	832,9625153	860,5266102	828,4393305	820,2806306	849,2816899	818,7942072	858,5871182	884,6676363	854,0976109	993,2636237	1925,698832	2278,043797	2404,955514	2534,36796	2670,881056	2904,604268	3124,530348	3302,406653	3527,20512	3628,262941	3949,435032
HKG	Hong Kong SAR, China											5330,271448																																				
HND	Honduras		243,4377336	258,908221	282,6801746	309,3919224	330,0618023	377,4439205	451,8358131	499,4064694	557,3586842	609,3485283	656,7967945	631,2489078	669,4191903	700,8799875	752,6392986	763,304773	802,2401085	741,4921263	651,7348943	513,0768399	502,3421266	542,3696641	566,6507734	543,9903348	592,4283492	598,6097284	686,7337657	753,1733598	764,4550993	990,4508968	1026,18957	1023,210708	1039,48576	1081,826642	1167,42805	1269,4105	1434,741571	1569,548079	1612,022973	1695,727965	1852,615321	1881,029119	1829,354398	1895,809771	2019,976905	2049,157909
HRV	Croatia																										4023,419216	4423,969562	4395,501337	4756,890523	4229,642405	4034,772808	4215,308012	4967,270302	6247,218558	7595,231346	8460,31179	9359,599181	11209,74974	13019,49416	11341,05032	10885,31936	11781,27703	10697,28618	11164,43134	11101,3359	9681,344737	9685,729067
HTI	Haiti																											354,8897096	400,8945967	438,5796198	483,0775484	455,5097824	404,1171624	381,0949222	317,8581627	372,6468484	444,4553972	483,4732079	587,9897551	640,8350198	635,9825495	625,4693846	703,9064743	729,1454175	766,0837643	782,5089418	766,2347292	693,8855852
HUN	Hungary																								3094,954519	3324,450328	3456,028006	3439,563611	3459,772049	3600,000121	3597,246017	3507,796558	4044,787359	5183,79312	6630,525719	8082,231003	8836,615231	8975,105741	10666,10482	12154,51685	10010,74859	10007,95901	10857,80108	9879,971748	10779,534	11031,43523	9647,683452	9938,97779
IDN	Indonesia	72,66154071	71,70909506	80,10665868	113,4588842	158,9787549	188,5777271	227,2380241	267,4214458	295,8943668	241,8613296	352,418301	443,0042472	496,9384703	424,7504333	429,9055885	428,4970569	410,2093943	369,7682812	411,2450709	442,8675753	479,2483528	539,3659002	581,8104068	721,9125368	809,8192142	907,8071744	1005,174537	940,2890584	394,1356824	555,1627441	632,8182939	532,3122683	660,0409836	775,2656815	814,0549274	874,3445969	1113,765758	1301,007537	1521,204904	1652,085392	2329,850692	2688,272214	2754,378919	2715,448077	2638,988463	2566,593719	2818,357243
IMN	Isle of Man																																															
IND	India	102,9507569	108,3605564	112,2131055	131,5516904	148,7032176	141,9526734	144,9601402	166,7772065	183,0578785	198,8160821	237,4965082	239,5476544	239,2571819	254,8698826	241,0668403	257,2712662	270,9512099	297,1854831	310,0818619	300,1537848	317,2110582	260,5436041	273,4605182	260,178631	300,0806927	322,2516289	345,9299972	360,3576757	360,2869701	385,7055747	382,382699	389,8288399	406,7427654	471,5750439	546,5632079	619,2145808	690,6586238	891,8467759	850,9708445	959,5412091	1160,253261	1262,188649	1251,277101	1251,153513	1364,656019	1383,489853	1465,360317
IRL	Ireland	1443,598138	1649,946363	2015,118028	2324,639023	2393,771373	2852,409827	2759,33234	3185,628962	3976,031592	4862,272166	5624,715947	5302,291783	5302,372227	5006,302458	4729,059339	4929,575377	6729,299362	7954,689466	8802,052406	9043,79721	11502,46856	11541,97142	12709,00883	11908,2808	12926,96949	15307,30229	16766,20363	17879,47977	19101,03736	19963,60354	19850,00204	20830,67834	23415,19284	30491,74975	34909,04346	36923,63938	39370,3059	44186,58317	44204,70444	35711,9594	33451,90136	34643,79844	32512,26496	35921,59438	38740,53802	34763,93102	37837,05078
IRN	Iran, Islamic Rep.	327,2267885	403,7170519	505,5845748	793,4900409	1081,333331	1223,635055	1534,990643	1728,211153	1544,085049	1834,441579	2041,076111	2146,662784	2544,522853	2991,789461	3000,513126	3218,656007	3602,091426	2194,684742	1901,778272	1783,806339	1686,580874			770,4613261	874,4346316	1198,158154	1410,482596	1356,283411	1346,994087	1322,690797	1182,381984	1447,577249	1507,018209	1760,974154	2142,19385	2500,304305	2868,173988	3826,661561	4303,043664	4539,771538	5336,879556	6241,911137	6213,629237	4632,27443	4252,056575	3777,307177	3963,134141
IRQ	Iraq											2449,142087	2112,57364	2237,118471	2081,950459	2359,067633	2304,947076	2280,837028	2646,073718	2968,585938	2908,430476	8388,765073														1015,252086	1388,059966	1807,130625	2470,563129	3679,441117	3110,773121	3607,699837	4452,034199	5187,056678	5445,447699	5192,917791	3861,021191	3397,440529
ISL	Iceland																																										32357,58163	32539,74944	39394,47313	43434,44821	42822,46834	52292,77074
ISR	Israel	2063,771941	1924,478279	2438,75201	2998,42083	4159,93477	3740,342406	3605,288268	4030,850817	3741,28714	4696,671054	4911,963451	5161,493754	5591,383928	6156,940266	5458,009742	5005,837369	6234,231323	7515,962048	9229,175038	9031,757013	10508,03856	11546,85465	12506,16782	12178,00491	13494,47711	15371,61932	16384,74384	16533,81403	16251,58708	15644,92519	16897,07697	16560,06118	15037,30412	15341,71464	16145,78656	17135,44975	18347,82254	21042,96556	24645,44373	22998,0724	25845,11641	28682,45193	27304,2245	30808,37608	32252,8656	30743,92276	31891,17427
ITA	Italy	1880,148359	2053,850712	2383,775271	2845,796645	3165,216488	3534,109824	3485,184775	3974,584894	4873,137319	6125,080147	7310,136496	6468,699801	6387,973134	6631,017496	6563,577317	6759,144496	9580,978662	12108,31633	13409,61479	13923,59046	17510,22113	18400,65176	19359,51809	15698,33474	16124,82383	17389,57127	19512,72291	18450,0563	18892,15968	18741,8458	17059,92391	17336,658	18702,88832	23048,23722	26419,5104	27095,17936	28288,91482	31685,23154	33641,75129	30491,99531	29464,53021	31391,1104	28362,68766	28811,61355	28873,0015	24507,63174	25209,76391
JAM	Jamaica		690,3803617	872,3495692	868,9134241	1092,106153	1274,127736	1241,179471	1327,262455	1055,808236	896,1703217	960,0640534	1085,708781	1188,505949	1266,380226	779,0204167	664,5356136	924,6127042	1108,192615	1319,97568	1523,810968	1557,655077	1356,453729	1194,493372	1719,421612	1690,984134	1990,71092	2255,438557	2596,344566	2958,799678	2927,791161	2953,370159	2952,294796	3091,270956	2984,144356	3214,463057	3509,717609	3734,580082	3991,950052	4293,628373	3700,009108	4124,436338	4528,606723	4720,178942	4482,45214	4357,279394	4394,195502	4226,222195
JOR	Jordan		363,8913696	404,6559952	471,9980223	580,4330586	644,2292186	772,7193705	932,8052641	1126,161925	1367,88694	1562,744649	1694,952328	1718,924407	1707,157987	1607,951904	1517,419627	1881,481293	1889,977251	1646,928845	1060,733542	1004,827849	937,7175006	1130,524244	1142,330749	1219,6903	1274,545973	1256,762721	1290,931084	1400,450867	1403,597369	1490,70115	1568,320289	1630,384918	1711,966106	1897,157806	2032,688997	2373,538937	2588,44032	3142,500152	3249,910753	3323,350027	3431,018537	3478,776892	3594,631996	3654,281535	3677,082783	3686,181272
JPN	Japan	1669,29492	1861,362629	2422,956333	3271,004435	3580,485001	3860,034142	4330,664926	5286,004296	7388,896877	7586,286195	7847,102025	8491,315999	7865,056421	8469,752682	8965,525444	9605,76982	14013,951	16908,12135	20421,53927	20183,49274	20649,23634	23222,80158	25023,46405	28424,18036	30987,48006	34535,16105	30726,30278	27857,21524	25157,27898	28347,78676	30468,23491	26785,52754	25413,72853	27584,33926	30064,95274	29744,76624	28347,88725	28261,14093	30962,01403	31703,78783	35087,87916	38082,36255	38613,65124	32488,87747	30651,9252	28049,84544	31136,22165
KAZ	Kazakhstan																								1130,264735	1007,522239	1034,855494	1048,276016	1132,837639		859,6755687	734,9785268	991,095536	1090,724565	1376,523335	1803,044377	2131,930601	2929,008724	4358,826156	5283,390777	4881,77376	5804,854793	7208,004423	8044,530062	9581,757427	8933,791064	8022,396284	5445,483077
KEN	Kenya		124,9710348	143,0485118	156,9943231	182,1874331	190,5053979	193,1705893	240,6771359	275,039509	311,4412529	352,4932862	318,5931984	280,7809661	259,4844883	263,1880441	254,157356	287,273677	305,2361327	308,2793529	295,8337274	288,6554183	261,9118245	254,9778511	166,5995523	205,039231	250,8674332	333,7858396	359,4432096	378,3213589	337,9943202	325,2233383	324,710052	317,4433199	342,6189265	366,3582313	423,8654459	579,8506157	695,1797329	765,3323387	767,6062163	811,1815005	834,5589071	970,8355879	1034,175221	1101,109114	1121,070784	1225,77149
KGZ	Kyrgyz Republic																												312,9921512	277,8333786	208,9694678	224,560716	257,8067684	265,0073501	317,3980241	355,7963256	409,502802	479,6699699	646,3866823	787,7809958	703,8047093	664,6557804	805,5106428	958,3363092	945,8174802	948,31444	825,3477463	783,7316001
KHM	Cambodia																										285,203203	278,4828092	271,6436639	237,835068	264,2941614	268,3431269	284,9637539	297,282898	317,6004532	354,6120302	413,0664983	467,0986549	547,5172646	639,2259931	622,133658	660,5672392	742,8323291	801,2540333	867,1091008	915,8701657	968,7968726	1055,949382
KIR	Kiribati											591,8054828	591,1223331	676,4996947	689,76989	559,1441688	445,0268039	433,3859188	509,729204	613,9986907	592,0132638	615,9992843	978,3116906	982,2717712	908,358586	1037,313134	1112,271515	1104,902648	1319,582017	1329,394774	1269,859663	1213,851354	1198,417869	1247,049835	1434,990856	1607,273451	1625,018409	1586,799817	1761,331368	1914,124238	1682,887995	2031,71777	2174,024472	2394,261739	2542,237042	2960,024838	2874,561961	2139,201146
KNA	St. Kitts and Nevis																																															
KOR	Korea, Rep.		282,8072938	301,9822721	375,6262664	521,2131815	562,5417441	762,6024372	963,5997531	1294,320634	1622,72285	1524,758106	1660,182577	1750,201496	1924,576496	2109,638466	2141,311132	2435,300032	3064,079229	4095,457841	5049,053729	5715,262149	6624,547322	6972,391134	7589,215453	8886,109137	10550,64461	11157,53858	10183,0297	6519,316128	8503,519259	9825,13285	9210,766602	10589,52697	11721,47639	13128,86781	15269,81015	17238,07382	19079,23325	16636,8669	14729,58261	18161,429	19678,22767	19982,17528	20903,70719	22534,78172	21959,94587	22124,98389
KWT	Kuwait	2971,219429	3683,537411	3666,163729	4382,745658	10042,56586	10792,30344	11554,72472	11960,12941	12643,78092		20732,37994	20918,60534	16991,3819	14902,694	14638,23505	13613,42601	12723,58426	12989,67454	12191,90287	13741,91567	11097,98042	7202,115605				17341,40754	19738,4665	18863,31442	15317,28112	16135,78893	18682,83094	16055,75816	16387,42751	19830,95334	24786,83322	31636,67868	39456,65379	42529,56985	48758,44748	34875,38142	34477,49721	40859,0025	43537,01543	41689,79817	38301,12406	27037,19513	24815,31304
LAO	Lao PDR															440,9546875	585,7990856	426,0046414	249,8968529	131,0512453	153,0638993	179,9577529	205,6862278	218,9647979	252,2302817	285,4747175	310,6611579	324,7583119	291,1506072	205,3662593	238,4856473	271,0813195	271,6333086	265,6344387	287,1036412	336,489382	387,3644044	435,5068225	539,4126143	644,1822008	706,1304807	778,9751384	943,7366372	1126,675475	1322,160218	1471,999545	1608,173835	1752,65011
LBN	Lebanon																				971,3345331	1068,358154	1536,546961	1706,631695	2227,351181	2809,693326	3409,770056	3865,845018	4114,931804	4507,376866	4600,341659	4498,405011	4349,060744	4389,383596	3749,472049	4516,978907	4598,764231	4419,199799	5131,089032	6028,728748	7119,752633	7354,071577	7213,798086	7325,450276	7137,352333	6919,133813	6826,146405	6598,650993
LBR	Liberia											437,2730206	414,9146237	387,0991804	315,6399967	335,3889121	334,7780262	302,946316	320,5988822	348,8237573	242,3344771								106,5588681	120,145971	115,7875379	139,6685692	109,5844618	104,217125	70,15926143	87,38268269	107,9904107	110,5025122	122,941127	120,6538798	180,1112059	188,7829115	241,0945705	225,6736467	250,8845093	248,4108347	247,530071	241,2240418
LBY	Libya																																	2727,005385	3435,028206	4081,385407	5588,189996	6432,751425	8094,9003	9973,649687	7703,65645	8643,835684	4844,046696					
LCA	St. Lucia											1080,538972	1224,023349	1315,6852	1406,134181	1521,365762	1635,728982	1928,948968	2078,495351	2295,147072	2566,616917	2843,114177	2957,85632	3253,609703	3217,525352	3323,881166	3453,232843	3576,612487	3599,056558	3849,229365	4011,868007	4033,985515	3758,779181	3817,43937	4092,001576	4288,481732	4554,023896	5553,741061	6196,5693	6153,071457	6146,320193	6679,712576	7017,28826	6898,845205	7136,225029	7091,485317	7477,83836	7492,278633
LIE	Liechtenstein																																															
LKA	Sri Lanka		159,5729852	170,8318018	187,1912361	228,2837334	231,8953285	205,1194713	232,5221486	156,3158732	214,3019483	252,0599534	270,3565872	291,8013478	308,6781639	349,9477644	350,1116623	370,4597467	380,3426266	393,5828336	388,2991263	440,3812327	483,908779	519,2884832	547,7005511	609,9906621	667,2723154	705,9181057	765,4314407	784,516895	771,3829042	799,4538104	773,2469493	809,3254957	922,7420281	995,4519014	1162,102429	1329,727135	1515,139868	1865,866009	1947,901149	2605,404237	2972,7914	3071,110924	3273,833884	3451,605531	3461,486962	3459,367006
LSO	Lesotho											479,3740939	488,1470911	451,0792863	498,4826259	422,1269173	312,2693335	354,6827446	443,8464827	481,1612555	475,7352517	556,2350448	615,8280041	670,3989267	637,6434073	646,2769192	699,1348405	649,5466013	668,0785344	590,5607438	592,1525231	552,4156583	587,9670167	545,5853221	793,6659148	999,0472088	1048,023798	1074,135438	1156,372068	1130,962569	1058,808509	1294,791948	1370,507388	1247,745458	1141,474687	1128,569646	1061,700161	965,7185194
LTU	Lithuania																										1707,025192	1884,543039	2328,805992	2630,975425	2564,027371	2741,370079	2966,947241	3527,485227	4634,048538	5703,798965	6774,253695	7934,337459	10389,31557	12632,04904	10302,276	10030,3512	11907,67998	11995,94483	13186,96187	14133,47605	11784,19757	12325,43294
LUX	Luxembourg	2530,22741	2572,214274	3323,681405	4411,574095	5588,745906	5777,589883	6737,47342	7682,958076	9607,065849	11108,27932	12325,90783	10802,00229	11027,20083	11131,85913	10739,10373	11149,76995	15881,65564	19796,91085	21913,43881	22933,29296	29305,6884	31712,4961	34636,01786	34575,42854	36403,20293	43763,28164	43159,67979	39827,30581	39020,57846	41365,37166	37601,76258	37669,95457	39162,4753	46709,71447	61392,51955	65974,62948	64084,56194	81386,92269	82019,94553	56664,43621	62531,4022	65004,25798	59247,02784	62611,33184	63447,36888	55156,67774	56303,4896
LVA	Latvia																										1445,685081	1578,030063	1801,098289	2012,440672	2130,671945	2399,520575	2662,179749	3115,443521	3883,876989	4778,304962	5826,425416	7228,753355	10598,61957	12526,91312	10201,79779	8601,758801	10349,66472	10290,37398	11385,27478	11954,36762	10445,30508	10891,13792
MAC	Macao SAR, China																																															
MAF	St. Martin (French part)																																															
MAR	Morocco	230,779735	248,2733867	283,0476887	339,2066117	409,473418	464,994893	483,0532649	540,5102508	629,6668091	733,8597473	968,2725743	760,1729998	735,4463557	658,953759	589,2946499	570,4263379	745,2426404	811,570468	919,4885414	933,0130995	1057,879102	1112,241852	1142,06	1047,52244	1168,917798	1248,522384	1375,639707	1226,981646	1303,808055	1282,201738	1182,045845	1186,652152	1258,113586	1535,239318	1740,565094	1814,007259	1968,755014	2238,559766	2579,512127	2544,040344	2505,599906	2680,127018	2554,000732	2754,13977	2758,130657	2503,577456	
MCO	Monaco																																															
MDA	Moldova																										404,2565296	413,5820624	466,1226092	388,2128898	267,5392187	299,2992293	367,5216603	420,9647551	539,6523428	721,959907	832,9111825	954,4677646	1209,5591	1688,691866	1462,896153	1636,360249	1999,493979	2139,066543	2339,765148	2326,751393	1841,155785	1896,224417
MDG	Madagascar											437,5226524	374,7958908	356,0695002	342,395293	272,5420398	257,796311	284,9001307	214,2317399	195,6466978	192,9592806	239,8376509	195,9253217	221,3461787	240,936774	204,9335411	208,1687212	259,0739343	225,8175054	231,8623699	225,5677966	226,378085	257,6348822	243,3585668	294,2057229	225,7428275	253,1442148	268,718905	349,9149854	435,3475238	386,6338843	379,6252993	415,758335	400,385676	412,7543282	402,9834805	356,5755806	357,9147276
MDV	Maldives																569,9245642	577,7806517	551,6033368	715,2393553	751,0568128	823,3855251	876,0197378	988,4119214	1067,081707	1183,010893	1403,507914	1556,263817	1706,76293	1785,704841	1900,866523	1986,790918	2759,131048	2798,69469	3183,528827	3663,363173	3338,965732	4443,546048	4435,457184	5322,291224	5148,82807	5414,454326	7515,292031	7396,907941	8349,048388	8902,36604	9214,262604	9517,799004
MEX	Mexico	612,0083451	655,5738143	730,429912	868,7952754	1089,720371	1285,109813	1254,509074	1113,379696	1353,880682	1686,358164	2350,856723	2968,697663	1902,671924	1536,097008	1825,403818	1902,056062	1289,698444	1366,985779	1825,331717	2213,614286	2580,818087	3121,308686	3543,785925	4856,689789	4964,958137	3021,124472	3453,575143	4206,155208	4346,940346	4956,38613	5730,748281	6043,999384	6107,600056	5737,490495	6102,946589	6652,768654	7255,534501	8028,506923	8236,765547	6643,34584	7689,25647	8202,363104	8130,738194	8477,271107	8787,955341	7760,49304	6968,338063
MHL	Marshall Islands																																															
MKD	Macedonia, FYR																								969,6627196	1316,748244	1757,699481	1748,142396	1477,070483	1422,892382	1451,070652	1487,39139	1462,821189	1565,809442	1881,061267	2158,998279	2358,068936	2617,274758	2864,136778	3665,165546	3544,828102	3458,021019	3889,101994	3575,246529	4052,60665	4273,504607	3774,506361	4014,955631
MLI	Mali											233,5941093	197,4640084	167,6690523	159,2397048	148,6540661	166,7738988	219,6308788	244,5700091	247,4809964	248,1129049	296,8187163	296,051479	300,8282134	294,53734	203,881573	255,5355313	254,3311606	237,6289738	252,1207512	294,3875347	243,6301417	268,1536534	278,7599939	334,492314	378,1846462	427,9682661	455,1978322	520,0583204	571,1708451	566,4181654	556,2137668	636,7087323	548,6166465	598,4561815	657,3308426	568,5720213	582,6823237
MLT	Malta																																															
MMR	Myanmar																															188,3402575	134,5977702	139,2824315	213,4894645	211,8864479	234,7816126	281,6816736	392,4165012	618,5637441	719,4856074	957,9081935	1137,619179	1073,428676	1075,615214	1131,538448	1032,300315	1087,36599
MNE	Montenegro																																					4129,551001	5404,389921	6675,826913	5899,588189	5867,354927	6607,324061	5954,738795	6517,44353	6639,199738	5920,17083	6277,972462
MNG	Mongolia												1051,365095	1120,781424	1178,169852	873,1671965	871,3198459	1170,509934	1173,297671	1175,415591	1170,284783	867,7145198	937,8036932	507,6550655	297,8198785	340,6757503	532,1783182	513,4283301	433,4291578	419,986576	396,4899367	401,8201412	442,4189278	483,0634267	547,4243809	654,1933117	816,7611559	1012,608525	1260,249179	1597,630319	1272,771519	1829,388	2540,97531	3270,872573	3404,826984	3013,18083	2904,079457	2676,807391
MNP	Northern Mariana Islands																																															
MOZ	Mozambique											274,5026134	266,8558509	264,5535188	230,3285723	235,9279979	304,9121422	359,6586106	156,7120931	141,5688258	152,3888342	165,5220391	210,6089309	137,5479215	139,0419363	138,0497974	137,6520654	191,1580698	224,3515286	250,0276261	264,897692	236,8035142	209,4446503	193,7412397	239,3277529	283,5036703	315,2874527	315,5373983	349,0406265	416,5525454	395,7829116	351,4505387	443,2547799	472,6404546	502,8131647	507,2395393	419,292994	297,1359964
MRT	Mauritania											380,4265287	378,2573261	361,3791314	368,6790539	337,6267355	298,5363502	342,7557875	383,7294055	400,634617	402,2176703	403,767416	578,4307359	574,9921958	479,1705547	491,508712	504,661515	541,8178793	510,3872769	475,3502571	487,0705238	421,9051133	392,3548494	423,4309678	480,0443679	537,754868	579,934247	630,1740668	634,1748728	721,1446098	783,2659309	812,5647108	914,1171403	847,1138344	856,8613958	838,2193195	737,1571747	674,3282296
MUS	Mauritius							763,5826756	868,1170893	1050,113826	1216,920788	1107,888479	1078,40938	1003,292889	1009,837473	953,4357781	977,8113069	1328,500472	1725,848455	1935,630751	1977,017733	2369,884344	2538,672952	2808,162226	2787,123851	2944,221853	3284,325074	3501,541819	3189,699524	3161,574642	3221,908729	3412,342959	3388,002884	3549,515463	4122,580445	4691,813837	4579,346341	5160,861827	6056,170621	7242,371805	6410,556445	7072,219454	7964,253411	7889,099532	8124,283585	8276,068166	7644,149459	7896,160933
MWI	Malawi											161,0288668	159,3771956	146,165628	153,319806	150,2370643	135,1423206	128,7692659	115,3885155	130,1389461	141,8507874	164,1506793	192,6719668	152,9505873	179,4765774	89,38754211	103,4588779	184,4847203	216,1298349	126,9303145	128,3921327	121,1734269	113,7510461	242,1182554	211,1625844	228,4269998	231,9050293	238,4130732	249,3292153	295,8979782	302,4145477	343,8611751	389,9399969	269,2876254	235,1877405	249,0979156	249,9052706	200,9453485
MYS	Malaysia	319,2417184	337,6427137	391,147623	575,5555867	682,3900694	646,4946561	730,3572448	842,646251	1008,349638	1179,239152	1348,173405	1388,812334	1448,441529	1511,791923	1629,547637	1401,576364	1223,246567	1380,827219	1528,881218	1611,724525	1769,754302	1977,800455	2334,755219	2601,034394	2819,435288	3263,09687	3548,743	3371,412594	2243,517453	2374,648869	2750,298379	2688,735695	2927,29993	3202,159265	3592,195632	4113,557795	4684,150222	5586,07165	6474,671681	5637,373795	6938,15832	8068,221638	8212,329893	8380,629729	8617,088018	7611,81706	7468,991571
NAM	Namibia																					1673,097373	1853,639123	2013,843954	1861,04711	2060,270416	2216,650724	2120,943516	2131,41162	1949,926751	1828,671955	1860,298948	1640,822413	1542,338793	2301,57896	2945,344381	3088,684199	3372,557879	3573,023737	3501,735816	3607,383828	4396,473198	4777,235156	4887,913506	4825,875358	4748,789668	4162,813185	3748,160746
NCL	New Caledonia																																															
NER	Niger											371,7107522	300,2409795	265,9793048	234,8912346	172,8798029	172,6509373	228,0339737	256,1858665	256,5730191	245,2999907	262,960727	240,2108292	235,9386647	154,4056772	142,194212	161,0271235	166,8608962	148,8296859	165,3573854	160,8842705	134,9022766	144,2250891	153,9777962	182,709175	204,226434	223,3172208	229,8262914	254,5119675	308,173597	293,5903585	304,4243434	326,020807	329,0795076	345,7419954	351,2010446	292,5871962	292,2472985
NGA	Nigeria	212,852343	146,6396251	186,6746369	218,5344202	294,47829	360,8649189	455,8790481	434,314605	441,9910185	420,2103484	611,1158823	676,2281192	579,5411799	372,1539762	270,0152716	256,0578662	169,0278777	185,0325158	201,7218763	156,4633178	183,7414105	187,6532453	191,4103508	68,54108332	93,91053315	175,7178781	209,7792988	214,7645082	204,4683217	235,8657884	242,604336	250,3464169	349,0282929	377,2435608	466,437341	552,35919	780,3008245	842,5990297	1016,948479	833,6502728	1868,334236	1931,63082	2156,119639	2342,100028	2633,310506	2239,931741	1830,889178
NIC	Nicaragua																				172,4361624	206,474008	230,8309142	252,975764	256,4006254	665,7141048	722,7482965	755,5468652	767,0436379	817,0999707	839,2569394	875,9211337	889,9208992	868,217911	872,6898671	942,0587581	1031,860644	1075,154495	1172,518033	1359,632867	1313,522104	1335,79038	1469,964982	1561,045691	1604,931227	1717,0638	1832,281876	1875,773935
NLD	Netherlands	2579,655223	2945,565559	3583,320042	4740,084805	5482,118757	6272,327557	6829,48203	7913,498317	9574,704174	10876,83799	11568,27784	9570,637276	9198,098367	8854,16415	8281,018703	8071,178318	11325,44635	13917,64209	14631,82408	14356,42376	17241,09116	17737,45935	19381,93213	18849,99853	20385,0931	24500,2964	24406,58057	22388,58112	23093,17301	23904,13674	22168,31577	22048,73061	23875,3366	29624,78053	33719,92208	34348,60102	37802,60065	43384,97017	46456,12594	42859,61657	42023,47839	45281,2989	41737,94566	43181,68285	42942,42634	37017,28189	37540,89467
NOR	Norway	2758,592286	3144,586233	3707,634184	4797,862075	5679,491093	6820,485186	7305,917065	8257,96534	9027,909399	10033,8492	12061,38408	12035,88647	11923,3652	11429,87584	11465,0391	12198,6731	14909,71597	17574,41474	18593,78263	18006,98899	20636,84614	21540,51359	23176,42329	21130,43004	22416,48784	26896,21831	28391,42428	28519,69587	27948,36556	28499,3039	28104,40344	29628,69002	33337,51867	39123,74755	44728,93318	51798,78832	56936,61805	65995,26631	73188,29567	62086,48266	69065,81292	77548,74244	78278,81692	80763,41782	77691,87268	61189,84327	57983,06037
NPL	Nepal		69,77820834	79,31739843	73,18321345	89,68668124	112,2065846	101,9171563	90,9792298	103,7172341	119,5481642	122,1462808	140,6658032	144,228441	144,4137101	151,6418305	148,6567985	157,6666497	159,3248089	187,5723727	186,6545826	186,8889931	197,2325442	165,8319013	173,8247809	188,9445157	197,9133249	200,4658029	213,3046482	205,124687	206,7712674	221,7204436	237,3191497	233,4288885	241,7662799	271,2499083	299,5186856	328,1550303	368,1847082	443,7791997	452,3058964	550,5346796	642,8093965	635,7159171	641,4875853	663,9353587	700,6030879	681,0829827
NRU	Nauru																																															
NZL	New Zealand		2424,152494	2867,885244	3772,584809	3962,842758	3424,6211	3554,503567	3973,304938	4756,454643	5384,014741	6070,747039	6373,304415	6181,583805	6103,890352	5293,079802	5905,311208	7482,093789	9842,509161	11173,52909	10775,83544	10986,00673	9459,671861	9142,806524	10150,02549	11981,35497	13761,75454	14628,78549	13860,36155	11873,03596	12184,6258	10790,34897	11123,23633	13601,4068	17841,33681	20451,57305	21940,18148	20914,39114	25594,33851	24022,71594	22395,53163	26666,70799	30902,72475	32294,70267	34980,90944	36373,00441	31194,16791	32190,50377
OMN	Oman	243,0741499	275,0782737	308,8918359	284,9433115	824,9596443	1149,145945	1482,425743	1621,276173	1632,330428	1322,74671	2768,041596	3759,117367	4104,280725	3826,644732	4149,292936	4345,765723	3396,394475	3109,230937	3241,923997	3189,725426	3491,952091	3993,49764	4125,678986	3977,021828	4056,728093	4152,750393	4248,924794	4570,11757	4384,871377	4473,621648	4775,260057	5177,778289	5482,77487	5719,225688	6107,885849	6794,353683	7065,66159	9457,032227	13284,63603	9625,745994	10657,04277	9877,495332	10968,31358	10830,36727	10550,09656	10652,7579	
PAK	Pakistan	153,482263	165,3727209	139,8718208	94,45594145	127,6981665	157,1347254	181,6446096	202,975964	241,6585817	260,7728468	302,8463102	347,7500179	366,4123365	340,2619637	351,9493477	335,0853396	314,4038554	330,3889388	363,4567837	365,2282316	352,8588804	383,4090448	391,1951427	403,8132806	395,0017649	452,5437299	454,3106823	434,4085594	422,3718736	418,665758	472,9779579	452,8570917	452,283308	525,8136465	600,9512374	655,912338	797,1216985	868,9588292	953,7804749	953,6314769	994,5012203	1186,35488	1230,72191	1246,308505	1301,467606	1427,633531	1443,581365
PAN	Panama		815,1924391	869,3305335	968,1927762	1072,749328	1189,558177	1205,89719	1237,044049	1438,864902	1577,638173	1898,609965	2064,246206	2356,925237	2511,629211	2445,6408	2628,73606	2533,516273	2808,739178	2255,678717	2167,53504	2320,150514	2419,302465	2784,555084	3009,083078	3182,924979	3117,153645	3186,593747	3300,804183	3511,50648	3536,01571	3576,862428	3538,892511	3745,17856	3759,153066	3991,826035	4281,408284	4637,797651	5334,589564	6309,132093	6679,909667	6919,038928	8326,425865	9487,113526	10506,20196	11178,41226	11162,28652	11446,63159
PER	Peru	487,8347072	534,2112797	576,615189	655,7099951	797,2580091	972,0693142	878,791087	791,3960279	638,3129284	746,2154285	815,5844794	1017,910121	1019,763836	753,4062407	741,3712919	687,4780963	639,8688076	853,2413976	553,1545787	814,5508024	983,8489075	1370,843387	1411,578765	1343,213414	1696,721711	1960,307415	2009,581669	2072,198092	1968,777772	1727,766174	1733,533886	1739,920169	1808,423118	1899,780588	2070,796771	2266,693389	2405,543522	2776,139646	3322,407114	3354,066873	3993,239604	4501,093457	5106,539686	5374,006024	5380,810748	5052,377207	4949,310351
PHL	Philippines		171,5719471	178,6785923	218,5423778	304,4507997	319,4930369	356,6848755	401,7430125	456,2099523	525,7464914	606,7193428	657,1167143	656,588018	566,4311149	503,4943038	477,8659503	450,9386309	494,1449341	558,1751887	614,9595057	640,3380959	648,962275	750,7960808	751,6153692	875,6891735	989,8771271	1095,432913	1087,702928	1014,131326	1140,735963	1128,117571	1043,728026	1092,739286	1096,410927	1144,180308	1268,262353	1461,709914	1710,204203	2000,065899	1981,726895	2286,708226	2488,537953	2795,868894	3033,416645	3095,252701	3180,923633	3255,223596
PLW	Palau																																															
PNG	Papua New Guinea											559,1858563	549,6717864	501,4495797	525,1367331	550,1951519	478,9872946	518,4103909	570,0784767	649,9369398	623,2291171	555,2398113	635,6109235	646,6401132	687,775576	776,6380095	610,172666	674,1171305	716,2008018	541,5388927	448,0784425	426,5512774	366,3690355	344,3348704	378,2939618	395,7347392	494,099893	807,3426447	998,0484466	1162,170627	1200,531397	1416,150304	1784,217794	2166,271865	2225,226564	2386,142849	2173,406661	2056,83291
POL	Poland																						1265,260666	1478,177605	1706,993201	2274,903287	3005,227474	3427,45796	3443,348305	3810,377543	3694,055011	3834,827884	4242,551085	4428,034437	4795,288326	5523,288665	6767,894276	7598,251163	9400,305582	11973,77469	9838,155358	10723,95019	11874,08209	11231,14592	11733,92294	12171,11546	10659,6554	10471,7525
PRI	Puerto Rico																																															
PRK	Korea, Dem. Peoples Rep.																																															
PRT	Portugal	773,8762269	878,9639002	1074,720513	1475,644678	1713,0877	1786,350172	1843,470187	1916,840688	2027,095027	2283,904018	2787,162786	2654,247106	2450,9717	2189,048299	1992,58422	2157,056458	3157,347679	3977,688302	4699,158364	5110,446094	6726,713528	7704,28314	9365,375165	8271,469096	8599,273654	10040,40382	10337,43147	9819,382161	10290,5315	10579,04999	9519,306777	9653,228151	10638,12488	13048,44975	14820,29822	15402,21954	15947,44378	18411,57373	19697,63273	18263,88113	17861,82387	18568,67567	16321,67722	17514,63684	17837,46713	15402,10712	15996,31087
PRY	Paraguay																										1517,132466	1704,071468	1629,048654	1443,991513	1298,614709	1161,962042	1085,717277	921,3104965	846,6791639	1036,257293	1102,981468	1368,681483	1857,157017	2491,373656	2075,04945	2567,000084	3272,959429	3079,684035	3627,262926	3845,712784	3320,763657	3288,274906
PSE	West Bank and Gaza																																															
PYF	French Polynesia																																															
QAT	Qatar	2396,902366	2702,641761	3087,28579	4314,963664	7550,295187	8479,512116	9706,507325	10006,26461	10957,8292	6421,602844	18160,14873	24143,1561	21311,59014	16103,3666	13105,17419	12881,1163	11397,60029	10649,74312	10820,26669	9761,942384	10147,46085	10740,80183	11409,48761	10647,98077	11100,66469	11775,40538	11724,53441	14819,07807							28572,1731	30799,25873	39018,58266	44073,42783	52729,94393	38973,59026	43772,86069	53346,2385	57408,35932	59024,27163	60442,39632	50358,01093	
ROU	Romania																				1269,745491	1160,711298	901,6584025	792,5766772	829,3634489	952,3895645	1192,207588	1172,925499	1171,629094	1428,435419	1232,5668	1289,151045	1421,349148	1591,753554	2070,771994	2660,90131	3609,874653	4529,00897	6540,964195	8153,944953	6567,947915	6590,392896	7172,980961	6697,963871	7455,684045	7960,13148	7092,364591	7412,242578
RUS	Russian Federation																							1696,529947	1588,621189	1456,297482	1417,93207	1658,912173	1804,292839	1227,664611	981,4380642	1304,716617	1600,078105	1822,802479	2258,638858	3203,167122	4101,521664	5392,871203	7351,834211	9279,071874	6822,349884	8622,644384	11434,95352	11992,0343	12373,28833	10962,60938	7314,801861	
RWA	Rwanda											211,539878	242,0336143	226,9991534	237,7485724	245,3402933	254,2289367	268,8696682	284,7798553	301,748322	291,60131	307,6489555	230,8938587	258,9091004	268,9210074	89,9324668	169,5844265	173,9605619	223,5170997	222,4597677	196,8388519	181,1311063	166,8746502	161,5415217	166,7498424	191,4081131	236,6045715	285,4933273	331,6532115	398,4587623	434,7595258	458,0504007	499,8172791	545,6434027	549,1296813	559,3980631	556,2184078	546,6059196
SAU	Saudi Arabia	663,3089607	833,0664992	1071,177139	1514,388964	4271,293959	4879,16824	6561,293115	7040,609672	7250,340955	6805,588449	10439,9639	12723,1182	11433,88752	9333,555685	8122,180428	7577,232657	5935,453025	5443,618954	5344,937429	5412,950159	6018,512948	6515,683624	6690,15154	6343,391725	6156,068253	6416,284441	6754,121795	7018,184027	6251,992921	6766,204568	7331,682643	7135,057612	7241,17315	7705,033574	8711,025859	10452,55027	11817,97288	12989,84129	15331,5813	13403,66489	15473,24912	18562,99176	19722,09639	19519,99388	19598,69982	17263,99449	16714,71533
SDN	Sudan																																										1333,190634	1453,434709	972,432612	1727,20904	2015,736295	
SEN	Senegal		220,1072895	258,2147202	283,0215299	304,117282	397,4458772	402,2198327	403,660307	436,2513261	535,5353767	560,853432	491,0558576	475,0241812	415,2121233	390,422374	420,474389	582,2892086	678,0508287	646,5676676	616,4981693	699,6694094	662,3294274	692,745637	622,42773	406,500327	493,600118	501,1910978	444,2763683	467,6984618	463,8626453	411,5863578	423,3843723	449,0998856	567,0881339	649,1572253	685,7639313	717,8347528	845,05738	983,752982	900,0443682	885,2405963	936,845666	889,7025498	901,9573874	903,6966025	775,245905	803,163139
SGP	Singapore		995,9776924	1166,984729	1517,499878	2066,700032	2260,020293	2432,799268	2473,97367	2790,550424	3405,00572	4050,804281	4539,433692	4933,928882	5523,93008	6171,373877	5970,513226	5662,790977	6102,169596	7414,526641	8787,770567	10075,10005	12256,89668	13824,68228	15337,03084	18734,8445	21982,04262	22856,60519	23609,89413	19011,34159	18782,92761	20317,99714	18034,15325	17942,36094	18957,85725	21320,88783	23518,8126	27772,86839	32733,47302	32315,54814	30934,0075	40099,66612	44792,34929	45341,28554	46739,38007	47032,5574	43680,15126	43432,44968
SLB	Solomon Islands											420,4789358	452,775257	473,2817791	424,2643479	582,0444571	507,6542529	431,494277	506,9911794	638,9775877	667,5013691	595,0237459	646,1458407	674,5256982	646,6177897	697,2817963	722,631719	719,2964848	1314,66805	1056,590212	1056,547243	949,3464975	849,2703437	692,5828943	633,7919185	705,8558683	738,4523598	769,0967919	707,0358392	693,373713	590,8628737	618,2420863	774,3091079	1124,950049	1339,880788	1328,333313	1432,880635	1421,198507
SLE	Sierra Leone											262,3955582	262,5476925	295,8691928	222,2320365	245,4232454	189,6092372	86,91358059	136,3524078	203,8680951	173,6177747	103,4401456	134,2199219	109,5696326	141,3934355	154,7234745	149,3300578	169,4835538	152,174241	106,0206478	117,6719718	108,282258	191,2640476	209,5217193	210,8385748	214,0188806	238,3292183	272,2918098	319,1575682	372,7640018	362,671773	348,9319688	371,3035807	488,2174333	587,3683483	584,1621784	490,4362334	361,8881087
SLV	El Salvador		295,0565065	306,6841158	341,2444325	380,9520182	420,2166445	519,9491533	641,583619	661,0283741	721,7847817	721,3202229	678,6640043	648,6885413	668,5439399	691,7202337	714,2081428	699,3261701	724,418356	758,8215823	782,3731564	839,502127	916,2960303	1026,694583	1191,50676	1377,277325	1601,834692	1719,64189	1829,312494	1956,501921	1990,486217	2086,020245	2169,086915	2228,531648	2318,133824	2410,982768	2601,478351	2813,908038	3027,048317	3211,16682	3042,633959	3145,563828	3393,40842	3371,152175	3406,267748	3475,846835	3571,960113	3609,123279
SMR	San Marino																																															
SOM	Somalia																																															
SRB	Serbia																																					3428,711332	4448,819634	5423,152581	4771,848065	4392,991784	5205,051813	4508,326096	5023,920657	4923,349125	4126,07694	4225,475767
SSD	South Sudan																																										965,1875097	841,7711994	905,9046273	811,2174133	563,3378312	
STP	Sao Tome and Principe																																417,3632056	456,5781013	545,7039945	586,5615067	698,6673623	765,0675098	795,2783321	941,7202106	871,6679554	883,2324143	938,2950007	786,5189526	915,1313636	1033,097139	793,8414524	758,1945212
SUR	Suriname											1856,324642	2180,086755	2241,768124	2102,386714	2065,115106	2025,773955	2056,938322	2199,208765	2597,700268	1143,789883	764,8771427	870,2599945	760,8114954	823,1686558	1175,191407	1380,435824	1663,18894	1748,066669	1778,172814	1509,929589	1529,731191	931,9398405	1644,697483	1952,623547	2143,249179	2718,138588	4171,845339	4714,646423	5345,234594	6044,005551	5650,517423	4599,88946	5360,22433	6084,77843	6535,718946	6405,166256	3620,144405
SVK	Slovak Republic																										3751,06551	4063,514706	3999,384735	4320,450668	4335,614184	4166,322873	4442,029172	5047,988776	6353,348738	7990,4306	8936,349316	10191,59338	12678,18277	14944,05719	13082,04054	12941,09693	13890,87152	13458,78351	14261,64425	14496,12161	12543,69603	12869,91624
SVN	Slovenia																										8920,141616	8900,045709	8584,708386	9127,023876	9413,673603	8256,263604	8507,824425	9575,055359	12052,65195	13887,37455	14687,27088	15951,88312	19181,35617	22017,60266	19487,99049	18452,17362	19626,66818	17391,04674	18063,092	18958,99003	15947,03024	16640,11653
SWE	Sweden	4162,080806	4508,948693	5296,018536	6413,089011	7050,752104	8849,672332	9468,420673	9859,7181	10879,13891	12724,678	14670,12937	13235,91815	11622,43148	10539,57127	10993,02475	11477,37895	15226,93994	18598,46612	20797,96944	21711,39904	25633,33826	26588,50256	26895,17529	19760,7718	21575,23405	25381,75895	27555,55422	25243,87861	25551,28231	25895,07854	24782,95466	22664,4838	24902,09169	31788,24419	36107,65844	36967,49274	40364,51489	46682,36497	48725,46393	39268,15394	44715,75886	50895,1917	48809,97745	51423,65653	50530,55443	43197,56231	44283,41569
SWZ	Swaziland																					1184,882339	1210,399075	1322,817833	1324,274577	1294,386485	1607,846425	1541,36707	1614,350623	1381,272849	1368,497646	1450,202169	1334,517035	1138,283335	1713,021874	2201,367198	2669,242697	2575,246085	2675,977829	2448,104769	2557,920877	3012,042889	3391,491394	3331,73329	3149,259779	2936,204229	2659,167818	2381,917761
SXM	Sint Maarten (Dutch part)																																															
SYC	Seychelles																					4669,608004	4573,331904	5495,216482	5863,297246	5935,387232	5901,930467	5748,639612	6594,149927	6929,031888	6914,931378	6619,070741	6602,352082	6627,732996	7178,221356	9336,521432	10346,38871	11376,07588	10697,07979	9060,846712	8530,564994	9148,702691	10297,02564	10950,96574	13110,82423	12626,15979	12345,57997	12716,28746
SYR	Syrian Arab Republic	326,639782	382,013127	441,918171	448,4074089	677,3199327	857,5419775	896,2414174	862,5073825	1018,88624	984,793689	1277,200091	1521,720954	1567,626213	1626,823685	1561,139736	1433,032151	1146,668461	888,6210765	804,1472836	632,2332959	720,4581485	806,1790238	798,5980636	802,7839425	566,7433041	617,1417876	703,3048079	716,2792934	817,8325126	770,1136176	840,7098016	963,069155	938,9114669	909,9840559	1107,323404	1189,637965	1346,578655	1636,130819									
TCA	Turks and Caicos Islands																																															
TCD	Chad											206,7860881	168,7947777	158,9314664	157,6657506	171,1240516	189,3540506	190,0217909	200,6264588	248,4938737	233,7988585	273,7764511	289,615931	282,3144598	205,4706007	163,1855885	193,3161586	206,0419421	190,3212266	209,2562462	177,710753	151,4244469	179,7712763	190,5760262	206,2033918	224,0344199	352,2797019	383,5744289	465,3153107	517,6730597	615,3012173	675,5592318	702,3839406	712,9833794	739,107343	777,6412848	632,9482889	535,6767783
TGO	Togo		116,8483232	131,0028673	149,6427984	195,6577311	215,0015839	218,0771316	260,4231538	269,0559568	283,0826858	339,3512002	269,3919722	210,7230185	194,0064489	175,4322428	190,0970911	260,4343533	300,495236	325,0117595	311,6206107	369,9906425	351,8072073	367,0225161	253,5186168	185,1031414	242,489058	277,3339575	278,2825294	284,3201598	283,0295052	221,7039974	224,1901641	242,6543165	256,5849226	303,668108	325,501639	342,6912911	366,2331317	355,7002807	348,4245418	331,3197082	332,2851029	299,5510172	325,886023	411,4588716	372,9801579	397,068473
THA	Thailand		176,7077498	188,6928897	243,7910579	304,2447072	320,8498908	356,5314301	404,6873232	481,8937286	531,9974856	607,6810351	639,7274372	656,4581316	708,9032619	719,8404036	649,4679493	701,6541276	812,8139601	980,6809418	1136,337066	1302,421691	1479,821442	1652,842551	1903,980411	2128,500375	2417,588808	2539,877353	2001,453337	1419,79234	1612,296214	1589,846789	1473,522538	1661,900781	1864,679943	2112,239479	2282,246584	2685,70385	3189,71356	3454,64472	3340,527267	4016,920546	4380,386938	4509,857286	4651,933352	4508,18314	4488,210658	4495,25206
TJK	Tajikistan																																			241,128238	251,7363428	337,1432017	462,2637053	629,0556161	602,9988533	768,4172076	882,5604337	1032,928393	1126,194254	1191,961953	971,984566	818,2233949
TKM	Turkmenistan																													465,0790642	366,431957	222,4979273	255,1013487	401,1332478	581,4049109	658,040096	611,0151587	895,0054922	1199,615137	2215,882034	2957,299235	3053,491201	3499,420394					
TLS	Timor-Leste																																		649,4376754												1836,243197	1904,00898
TON	Tonga												665,3158905	657,6045329	629,1381413	664,6143999	624,4082784	715,8441595	843,8828107	1130,292469	1089,668037	1141,521714	1321,372459	1356,453942	1367,071775	1963,166288	1968,702686	2140,21269	2067,54541	1857,970925	1874,857	1880,71753	1673,127803	1724,423674	1882,176522	2120,668505	2379,11862	2707,609158	2763,59891	3184,430099	2904,229729	3336,85879	3789,15705	4223,01599	4015,422375	3863,57534	3773,048964	3435,671252
TTO	Trinidad and Tobago	725,4623766	782,6492604	920,4027325	1129,337846	1342,844295	1868,116174	1775,569454	2234,646338	2733,083886	2763,988609	3762,983383	4506,405572	6257,250025	5544,220226	5225,035211	4789,572854	3203,223784	3001,854838	2828,508889	2444,014433	2835,332604	3090,657853	3126,493411	2721,529588	2942,568191	3189,351327	3256,591476	3425,903001	3827,624154	4113,485501	4625,819044	5284,639977	5361,086823	6407,994973	7978,009146	8725,294148	9449,0424	11399,55208	15064,84929	10627,87527	12537,90197	12274,08823	11932,36851	13354,01551	13169,06407	13918,90436	12968,90553
TUN	Tunisia	253,8530047	293,8199908	383,0020036	449,7121903	556,1234737	665,3473677	672,4130793	741,7322769	841,947977	937,6991143	1105,986313	1058,759035	998,6723493	991,783482	937,19301	917,9434425	975,7648554	1015,843797	1051,060215	1025,217932	1249,087994	1281,835179	1364,949182	1239,786568	1320,634229	1517,423656	1612,204733	1718,592762	1805,248204	1878,119795	1720,801883	1791,593242	1852,344714	2204,746911	2476,11688	2473,321339	2617,32914	2847,635381	3073,331331	3171,26465	3146,248956	3192,138025	3112,401649	3140,400473	3262,349622	2959,671996	2788,238259
TUR	Turkey	458,5317399	425,5496776	521,857152	644,3737214	866,3108709	963,5377701	1080,630555	1209,110605	1310,090219	1744,705729	1302,513689	1309,926312	1161,882922	1085,755751	1031,253381	1134,54202	1252,521673	1389,220467	1406,574894	1661,976439	2321,106377	2260,224949	2365,483449	2653,611552	1839,628884	2387,563754	2541,828555	2619,22687	3761,941505	3388,675771	3576,169412	2495,348375	2943,262581	3841,909743	4979,227672	6149,3703	6701,339108	8114,622053	9068,775096	7449,061149	8955,14843	9578,258857	9894,485179	10630,68723	10232,71012	9233,074695	9067,623121
TUV	Tuvalu																																															
TZA	Tanzania																			207,6607872	172,4756889	161,2696817	182,5344987	161,437458	145,6500368	136,8050401	156,2738367	191,3873445	219,3686657	258,839092	264,5524101	268,4738561	260,0725073	270,6599239	282,8710525	301,9475789	385,2881663	421,5266707	465,9544327	572,7509861	578,8343475	616,4896868	644,9788388	722,4095887	811,1790002	860,7308771	779,1602238	
UGA	Uganda											48,53529796	58,75427173	101,7683396	118,5321114	208,3102752	202,2802996	209,7261235	342,9941844	342,5803203	259,061596	188,9513756	131,759615	100,8166984	122,3966483	150,8920513	210,3832223	216,1231968	223,4902595	228,4697486	212,1356009	209,0418676	186,6046435	188,6874659	169,0670318	220,851931	244,6962513	263,3018958	303,7613899	331,7725142	426,179897	466,5496776	436,3712719	468,7063472	479,5436424	517,8227251	483,2812157	394,2900366
UKR	Ukraine																										712,5410338	660,4421626	740,6852789	621,0316362	465,1672299	457,8073967	585,4914033	678,0008427	834,5729101	1105,6713	1507,335432	1900,247885	2563,212047	3298,508215	2057,504844	2434,055904	2922,997423	3220,477608	3354,134361	2623,805204	1805,299557	
URY	Uruguay		917,1502496	709,7991153	1204,978576	1323,008435	1118,878067	1161,601884	1304,25666	1547,225874	2259,630745	3049,333265	3417,873197	2786,030935	1474,652323	1368,069978	1316,406981	1665,999467	2093,552868	2325,675016	2366,852534	2606,478192	3161,744899	3620,215034	4216,823182	4866,739547	5307,069303	5608,727006	6538,826936	6873,323666	6493,355631	6173,615639	5646,520584	3716,071627	3116,769287	3521,734201	4538,955911	5134,042524	6122,54319	7793,856304	8089,244682	10095,6399	12111,51759	12966,17404	14476,77583	14273,06798	13302,44431	13113,51829
USA	United States	4591,218634	4891,985558	5305,320034	5912,942042	6152,478813	6564,002627	7217,674519	7990,411096	8947,44581	9557,345962	10137,49007	11466,5913	12011,90249	12787,3319	14302,21636	15181,70794	15896,70043	16818,74798	18236,1839	19198,37424	19943,32727	20350,98492	21268,8209	21977,62957	23205,60507	24192,8627	25436,48443	26911,27695	28398,46962	29713,69179	31210,1582	32036,90664	32633,71155	33812,15318	35729,42872	37585,15007	39711,85944	40594,21177	40369,26202	39379,54994	40903,86626	42607,52741	44582,33345	45548,28824	47344,28554	49058,0894	49725,78053
UZB	Uzbekistan																													566,7410616	638,155442	462,2639329	341,1848005	290,4733024	292,6719699	357,3903532	410,5502548	451,0645873	650,0838937	854,1217336	992,2147443	1210,525277	1314,53535	1431,968869	1656,624813	1798,592742	1911,796912	1885,911303
VCT	St. Vincent and the Grenadines											784,029206	957,8169796	1052,166082	1129,716127	1234,371344	1332,694604	1404,122306	1569,438387	1725,937893	1882,491489	2062,912757	2195,184365	2435,341071	2505,067663	2505,675405	2742,538042	2903,371296	3013,106441	3222,831045	3305,098097	3380,569874	3658,980278	3914,958869	4011,992588	4276,214778	4498,284641	5025,902087	5306,670639	5652,146899	5495,602609	5393,069198	5236,306366	5173,140456	5385,317056	5375,020392	5421,088247	5356,733487
VEN	Venezuela, RB	956,6995469	1047,136098	1140,105082	1358,078848	1699,890154	1952,396868	2214,586257	2576,89872	2766,084188	2762,242316	3310,110019	3892,605078	4026,482257	3891,712495	2681,894821	2830,50066	2887,173677	2118,96137	2716,098454	1810,27721	2000,585327	2250,514673	2428,427357	2353,460746	2245,812991	2965,273617	2589,7911	3208,09734	3453,771199	3640,432664	4157,132216	4348,294125	3138,349562	2762,81128	3622,422683	4657,271085	5913,346517	7476,946313	10330,86217	10626,09434	12452,04173	9623,71249	11486,22406	10954,39086	14454,31969		
VGB	British Virgin Islands																																															
VIR	Virgin Islands (U.S.)																																															
VNM	Vietnam																				88,08595315	79,51550222	120,9182534	122,1102181	162,5592622	200,9275474	254,8812571	296,082301	318,9280625	321,8071599	330,335124	371,7473447	390,5449911	414,2665255	457,3930834	503,9156798	561,9581122	628,8542631	728,6964351	914,4208433	971,0853018	1066,826121	1212,470679	1395,84532	1520,580979	1637,918194	1698,147965	1811,553003
VUT	Vanuatu											753,5545301	629,2240705	617,1406011	719,0835308	871,4081939	865,8477096	821,6225364	758,5569998	913,7829154	932,8096072	1013,303803	1035,011927	1013,870771	1031,624067	1045,864354	1162,664627	1156,537922	1170,516381	1292,689853	1317,077191	1261,474122	1220,251552	1176,087146	1361,662236	1532,467033	1587,610089	1768,492299	2048,257473	2453,537257	2303,097585	2557,752733	2854,742763	2682,871621	2861,487189	2864,461086		
WSM	Samoa																												1476,120151	1385,815291	1322,358221	1365,335475	1379,183151	1440,253942	1601,147979	2015,160959	2111,640209	2263,485233	2474,557213	2866,718841	2541,055884	2949,393715	3362,274909	3583,426799	3595,255323	3581,502319	3610,062722	3495,580318
XKX	Kosovo																																															
YEM	Yemen, Rep.																					366,7407219	382,251705	411,634936	312,9122984	196,8973693	178,565231	221,370557	272,8188295	286,0814136	291,0039023	307,4135978	344,6770848	373,1561346	384,5606669	417,9014393	454,0646253	543,3006079	653,9877338	794,9568142	849,2764301	988,0953088	1042,015805	1180,756367	1305,834798	1385,548581	1283,401687	933,8254685
ZAF	South Africa		728,2453391	737,8308357	991,0403185	1194,883706	1171,831092	1070,709854	1145,76267	1285,099961	1510,298946	2059,341269	2201,846089	1959,339092	2057,753615	2069,888686	1509,320312	1752,540056	2324,031792	2515,870342	2728,251843	2370,836045	2572,25727	2782,934223	2755,684973	2792,240126	3068,086373	2837,67329	2900,058307	2583,425382	2506,415437	2470,925852	2137,003193	2031,671175	3049,456635	3945,531102	4411,787853	4562,737361	4812,47293	4358,864562	4724,273223	5843,029106	6383,882014	6040,070279	5483,49909	5183,059657	4691,127879	4258,97262
ZMB	Zambia		279,5104562	302,1976991	291,7247822	429,9417173	381,8986276	370,5833368	354,4754057	394,8289744	424,6769803	484,8118111	527,7740257	515,7384242	390,9114513	307,0337576	238,7013076	148,9308344	199,1722568	326,8404275	341,3038178	282,8449608	284,8516835	268,3394567	293,1419232	317,8955238	316,530881	301,8473488	349,9063976	285,2356513	271,7029005	278,864873	310,6968337	310,508819	355,659012	404,8215688	511,8006005	697,0062603	716,5653068	955,8434976	839,7779353	981,1593372	1132,16527	1285,624	1346,474091	1319,483233	998,9994631	966,6116472
ZWE	Zimbabwe		389,0409871	464,2433869	552,8385128	642,7050561	683,5503771	648,2065688	634,4439183	619,7055884	709,9001067	879,2313138	1032,599103	1052,071502	921,7548183	729,4381831	621,5532143	658,6773505	686,4864002	762,9780764	790,5760698	815,994139	777,5903947	588,2132378	563,8358161	573,0692033	576,2418934	687,9288534	661,7568905	489,8603804	524,8683489	502,9391198	508,3484632	471,5450431	419,4907561	409,5487457	403,0743561	363,7851369	335,5356553	265,5032399	504,7842133	567,9713687	613,3711736	661,2531756	762,7751453	776,22471	755,7849639	750,4841653
