Country Code	Country Name	f1970	f1971	f1972	f1973	f1974	f1975	f1976	f1977	f1978	f1979	f1980	f1981	f1982	f1983	f1984	f1985	f1986	f1987	f1988	f1989	f1990	f1991	f1992	f1993	f1994	f1995	f1996	f1997	f1998	f1999	f2000	f2001	f2002	f2003	f2004	f2005	f2006	f2007	f2008	f2009	f2010	f2011	f2012	f2013	f2014	f2015	f2016
ABW	Aruba	2,908	2,788	2,691	2,613	2,552	2,506	2,472	2,446	2,425	2,408	2,392	2,377	2,364	2,353	2,342	2,332	2,32	2,307	2,291	2,272	2,249	2,221	2,187	2,149	2,108	2,064	2,021	1,978	1,939	1,903	1,872	1,846	1,823	1,803	1,787	1,774	1,766	1,763	1,764	1,769	1,776	1,783	1,791	1,796	1,8	1,801	1,8
AFG	Afghanistan	7,45	7,45	7,45	7,45	7,45	7,45	7,45	7,449	7,449	7,449	7,449	7,449	7,45	7,452	7,455	7,458	7,46	7,461	7,461	7,461	7,466	7,479	7,502	7,535	7,572	7,606	7,63	7,635	7,616	7,569	7,494	7,392	7,271	7,136	6,988	6,827	6,651	6,46	6,254	6,038	5,816	5,595	5,38	5,174	4,981	4,802	4,635
AGO	Angola	7,601	7,603	7,606	7,611	7,614	7,615	7,609	7,594	7,571	7,54	7,504	7,469	7,438	7,413	7,394	7,38	7,366	7,349	7,324	7,291	7,247	7,193	7,13	7,063	6,992	6,922	6,854	6,791	6,734	6,683	6,639	6,602	6,568	6,536	6,502	6,465	6,42	6,368	6,307	6,238	6,162	6,082	6	5,92	5,841	5,766	5,694
ALB	Albania	4,91	4,775	4,642	4,509	4,373	4,235	4,099	3,966	3,841	3,725	3,621	3,53	3,452	3,383	3,323	3,269	3,217	3,164	3,108	3,046	2,978	2,905	2,829	2,751	2,672	2,591	2,507	2,422	2,334	2,246	2,157	2,068	1,981	1,897	1,821	1,754	1,703	1,668	1,65	1,646	1,653	1,668	1,685	1,7	1,71	1,714	1,713
AND	Andorra																																					1,24	1,18	1,25	1,19	1,27						
ARE	United Arab Emirates	6,655	6,579	6,484	6,372	6,245	6,111	5,973	5,84	5,716	5,603	5,505	5,422	5,35	5,283	5,215	5,139	5,047	4,934	4,797	4,636	4,454	4,253	4,041	3,827	3,618	3,418	3,232	3,062	2,907	2,768	2,644	2,532	2,428	2,33	2,238	2,151	2,073	2,005	1,949	1,904	1,869	1,841	1,82	1,801	1,783	1,765	1,748
ARG	Argentina	3,073	3,104	3,148	3,203	3,264	3,321	3,366	3,391	3,391	3,368	3,325	3,27	3,213	3,163	3,123	3,093	3,073	3,056	3,037	3,016	2,989	2,954	2,913	2,866	2,815	2,762	2,711	2,664	2,623	2,589	2,561	2,537	2,516	2,495	2,474	2,452	2,432	2,413	2,396	2,382	2,37	2,358	2,347	2,335	2,322	2,308	2,293
ARM	Armenia	3,199	3,114	3,035	2,956	2,875	2,792	2,712	2,641	2,582	2,538	2,51	2,499	2,503	2,517	2,538	2,559	2,578	2,591	2,592	2,578	2,544	2,484	2,4	2,297	2,179	2,056	1,938	1,832	1,747	1,685	1,648	1,635	1,637	1,648	1,665	1,681	1,694	1,702	1,706	1,703	1,693	1,68	1,664	1,648	1,634	1,622	1,612
ASM	American Samoa																																															
ATG	Antigua and Barbuda	3,684	3,517	3,328	3,122	2,908	2,701	2,514	2,358	2,239	2,159	2,115	2,098	2,096	2,098	2,098	2,092	2,082	2,07	2,062	2,058	2,061	2,073	2,096	2,128	2,166	2,208	2,248	2,281	2,304	2,316	2,316	2,305	2,288	2,268	2,246	2,224	2,203	2,183	2,164	2,146	2,13	2,115	2,102	2,089	2,076	2,063	2,051
AUS	Australia	2,859	2,961	2,744	2,491	2,397	2,148	2,06	2,007	1,949	1,907	1,891	1,935	1,929	1,924	1,84	1,923	1,868	1,845	1,831	1,838	1,902	1,849	1,888	1,859	1,842	1,822	1,796	1,778	1,762	1,755	1,756	1,739	1,756	1,748	1,768	1,807	1,908	1,959	1,984	1,971	1,928	1,926	1,917	1,851	1,821	1,809	1,809
AUT	Austria	2,29	2,2	2,08	1,94	1,91	1,83	1,69	1,63	1,6	1,6	1,65	1,67	1,66	1,56	1,52	1,47	1,45	1,43	1,45	1,45	1,46	1,51	1,51	1,5	1,47	1,42	1,45	1,39	1,37	1,34	1,36	1,33	1,39	1,38	1,42	1,41	1,41	1,38	1,42	1,39	1,44	1,43	1,44	1,44	1,47	1,49	1,49
AZE	Azerbaijan	5,018	4,85	4,681	4,51	4,341	4,176	4,018	3,869	3,73	3,605	3,497	3,41	3,343	3,293	3,259	2,91	2,9	2,9026	2,8	2,8	2,74	2,87	2,74	2,7	2,52	2,29	2,06	2,07	2	2,07	2	1,8	1,8	1,9	2,0535	2	1,97	1,97	1,9	1,82	1,92	1,96	2	1,98	1,97	1,94	1,94
BDI	Burundi	7,289	7,299	7,312	7,329	7,35	7,373	7,394	7,41	7,418	7,42	7,418	7,417	7,423	7,438	7,459	7,485	7,509	7,527	7,533	7,526	7,505	7,473	7,432	7,387	7,338	7,288	7,236	7,182	7,126	7,068	7,008	6,948	6,887	6,824	6,759	6,69	6,616	6,534	6,447	6,353	6,256	6,156	6,058	5,962	5,869	5,781	5,697
BEL	Belgium	2,25	2,21	2,09	1,95	1,83	1,74	1,73	1,71	1,69	1,69	1,68	1,66	1,61	1,57	1,54	1,51	1,54	1,54	1,57	1,58	1,62	1,66	1,65	1,61	1,56	1,56	1,59	1,6	1,6	1,62	1,67	1,67	1,65	1,67	1,72	1,76	1,8	1,82	1,85	1,84	1,86	1,81	1,79	1,75	1,74	1,7	1,7
BEN	Benin	6,748	6,786	6,823	6,86	6,896	6,929	6,959	6,984	7,004	7,018	7,025	7,025	7,021	7,01	6,994	6,972	6,942	6,904	6,858	6,805	6,744	6,677	6,603	6,526	6,446	6,364	6,282	6,199	6,118	6,038	5,962	5,889	5,82	5,754	5,691	5,632	5,576	5,522	5,469	5,416	5,362	5,305	5,246	5,183	5,117	5,048	4,977
BFA	Burkina Faso	6,623	6,657	6,697	6,744	6,799	6,859	6,922	6,984	7,041	7,09	7,127	7,152	7,165	7,167	7,159	7,142	7,119	7,092	7,064	7,036	7,007	6,979	6,95	6,917	6,882	6,844	6,801	6,754	6,704	6,65	6,592	6,531	6,468	6,403	6,335	6,265	6,192	6,116	6,036	5,953	5,868	5,781	5,693	5,607	5,521	5,436	5,353
BGD	Bangladesh	6,947	6,942	6,928	6,904	6,869	6,821	6,758	6,681	6,59	6,483	6,359	6,217	6,058	5,884	5,698	5,501	5,298	5,092	4,887	4,686	4,494	4,314	4,146	3,99	3,846	3,713	3,592	3,479	3,372	3,27	3,17	3,071	2,973	2,876	2,782	2,69	2,603	2,522	2,449	2,384	2,328	2,279	2,236	2,199	2,165	2,133	2,104
BGR	Bulgaria	2,17	2,1	2,03	2,15	2,29	2,23	2,24	2,21	2,15	2,16	2,05	2	2,01	2,01	2,01	1,97	2,02	1,96	1,97	1,9	1,82	1,66	1,55	1,46	1,37	1,23	1,23	1,09	1,11	1,23	1,26	1,21	1,23	1,26	1,33	1,37	1,44	1,49	1,56	1,66	1,57	1,51	1,5	1,48	1,53	1,53	1,53
BHR	Bahrain	6,501	6,297	6,094	5,899	5,721	5,56	5,417	5,285	5,158	5,036	4,916	4,8	4,688	4,578	4,47	4,36	4,245	4,124	3,997	3,866	3,732	3,599	3,471	3,352	3,244	3,147	3,062	2,987	2,919	2,856	2,795	2,731	2,663	2,59	2,514	2,436	2,363	2,297	2,241	2,197	2,164	2,139	2,118	2,098	2,078	2,056	2,033
BHS	Bahamas, The	3,531	3,504	3,469	3,411	3,33	3,234	3,139	3,062	3,012	2,99	2,989	2,994	2,989	2,965	2,919	2,857	2,789	2,728	2,683	2,654	2,639	2,631	2,621	2,601	2,566	2,514	2,443	2,357	2,263	2,165	2,071	1,99	1,927	1,885	1,863	1,859	1,865	1,874	1,879	1,876	1,865	1,847	1,827	1,808	1,792	1,778	1,767
BIH	Bosnia and Herzegovina	2,929	2,844	2,759	2,671	2,58	2,489	2,401	2,318	2,243	2,178	2,122	2,075	2,034	1,998	1,964	1,932	1,9	1,868	1,835	1,803	1,772	1,748	1,73	1,72	1,713	1,706	1,69	1,662	1,619	1,562	1,497	1,432	1,374	1,33	1,301	1,288	1,287	1,291	1,297	1,302	1,306	1,309	1,314	1,322	1,332	1,345	1,36
BLR	Belarus	2,31	2,31	2,28	2,25	2,21	2,17	2,12	2,08	2,06	2,05	2,03	2,02	2,05	2,11	2,11	2,09	2,09	2,03	2,031	2,026	1,913	1,805	1,764	1,623	1,533	1,406	1,335	1,25	1,3	1,31	1,317	1,286	1,24	1,232	1,233	1,252	1,335	1,429	1,488	1,509	1,494	1,515	1,62	1,668	1,696	1,724	1,733
BLZ	Belize	6,299	6,288	6,284	6,285	6,287	6,278	6,25	6,195	6,109	5,992	5,849	5,684	5,51	5,336	5,17	5,019	4,886	4,771	4,671	4,584	4,508	4,436	4,363	4,286	4,201	4,109	4,01	3,908	3,805	3,703	3,6	3,496	3,39	3,282	3,175	3,072	2,977	2,893	2,821	2,762	2,715	2,676	2,642	2,61	2,578	2,544	2,51
BMU	Bermuda																										1,8					1,74	1,75	1,77	1,8	1,78	1,76	1,76	1,76	1,77	1,76	1,76	1,59	1,59	1,63	1,63	1,62	1,61
BOL	Bolivia	6,284	6,233	6,182	6,132	6,081	6,029	5,975	5,917	5,855	5,787	5,715	5,637	5,556	5,472	5,386	5,3	5,215	5,132	5,051	4,971	4,894	4,817	4,741	4,664	4,585	4,503	4,418	4,331	4,241	4,148	4,055	3,96	3,866	3,773	3,683	3,595	3,51	3,427	3,348	3,272	3,2	3,134	3,072	3,017	2,966	2,921	2,878
BRA	Brazil	5,009	4,877	4,756	4,647	4,55	4,463	4,385	4,311	4,235	4,156	4,068	3,97	3,861	3,743	3,618	3,488	3,358	3,232	3,113	3,005	2,909	2,827	2,756	2,694	2,638	2,586	2,535	2,482	2,426	2,365	2,3	2,232	2,163	2,096	2,033	1,975	1,926	1,884	1,851	1,824	1,805	1,79	1,777	1,765	1,753	1,74	1,726
BRB	Barbados	3,113	2,949	2,794	2,648	2,513	2,393	2,288	2,198	2,121	2,057	2,004	1,96	1,922	1,889	1,858	1,83	1,805	1,782	1,765	1,75	1,74	1,733	1,729	1,728	1,729	1,73	1,733	1,736	1,739	1,742	1,744	1,746	1,749	1,752	1,755	1,759	1,763	1,768	1,772	1,777	1,781	1,785	1,788	1,791	1,794	1,796	1,797
BRN	Brunei Darussalam	5,719	5,619	5,5	5,355	5,183	4,99	4,784	4,58	4,389	4,216	4,067	3,943	3,84	3,751	3,675	3,608	3,546	3,488	3,428	3,363	3,291	3,209	3,118	3,02	2,914	2,802	2,685	2,564	2,444	2,328	2,218	2,119	2,03	1,954	1,893	1,847	1,819	1,808	1,809	1,821	1,838	1,857	1,874	1,884	1,888	1,884	1,874
BTN	Bhutan	6,671	6,674	6,679	6,685	6,69	6,692	6,685	6,668	6,64	6,601	6,553	6,504	6,456	6,41	6,362	6,306	6,23	6,127	5,994	5,829	5,639	5,431	5,216	5,003	4,796	4,597	4,4	4,203	4,002	3,801	3,604	3,416	3,244	3,089	2,954	2,837	2,734	2,64	2,55	2,464	2,382	2,305	2,236	2,177	2,128	2,086	2,051
BWA	Botswana	6,645	6,615	6,582	6,547	6,51	6,472	6,433	6,392	6,345	6,288	6,214	6,114	5,984	5,826	5,644	5,445	5,239	5,04	4,854	4,687	4,54	4,411	4,292	4,177	4,064	3,951	3,836	3,72	3,606	3,494	3,387	3,286	3,194	3,113	3,043	2,987	2,946	2,918	2,901	2,891	2,884	2,876	2,863	2,842	2,812	2,774	2,73
CAF	Central African Republic	5,954	5,954	5,953	5,952	5,951	5,95	5,951	5,952	5,953	5,954	5,954	5,955	5,955	5,953	5,949	5,94	5,926	5,905	5,878	5,845	5,808	5,767	5,727	5,687	5,651	5,618	5,589	5,564	5,541	5,52	5,5	5,48	5,459	5,436	5,411	5,383	5,353	5,322	5,289	5,254	5,215	5,172	5,123	5,067	5,006	4,94	4,869
CAN	Canada	2,258	2,141	1,98	1,89	1,837	1,824	1,796	1,782	1,768	1,754	1,74	1,7	1,69	1,68	1,65	1,67	1,675	1,68	1,68	1,77	1,83	1,7	1,71	1,7	1,6695	1,639	1,592	1,55	1,53	1,51	1,49	1,505	1,52	1,53	1,53	1,54	1,5862	1,6589	1,6808	1,668	1,6269	1,61	1,6142	1,587	1,5818	1,6	1,6
CHE	Switzerland	2,1	2,04	1,91	1,81	1,73	1,61	1,55	1,53	1,51	1,52	1,55	1,55	1,56	1,52	1,53	1,52	1,53	1,52	1,57	1,56	1,58	1,58	1,58	1,51	1,49	1,48	1,5	1,48	1,47	1,48	1,5	1,38	1,39	1,39	1,42	1,42	1,44	1,46	1,48	1,5	1,52	1,52	1,52	1,52	1,54	1,54	1,54
CHI	Channel Islands	2,121	2,019	1,918	1,822	1,735	1,659	1,596	1,546	1,505	1,475	1,454	1,441	1,434	1,433	1,434	1,437	1,441	1,446	1,452	1,457	1,46	1,461	1,457	1,45	1,441	1,43	1,42	1,411	1,405	1,402	1,402	1,404	1,408	1,411	1,413	1,415	1,417	1,42	1,424	1,43	1,436	1,444	1,451	1,459	1,465	1,472	1,478
CHL	Chile	4,019	3,844	3,672	3,506	3,353	3,215	3,095	2,993	2,906	2,834	2,778	2,737	2,709	2,691	2,678	2,667	2,654	2,637	2,614	2,584	2,547	2,503	2,456	2,408	2,36	2,313	2,269	2,225	2,183	2,144	2,107	2,074	2,046	2,022	2,001	1,982	1,964	1,945	1,925	1,903	1,879	1,856	1,834	1,815	1,798	1,785	1,774
CHN	China	5,648	5,322	4,956	4,57	4,181	3,809	3,472	3,18	2,938	2,753	2,63	2,57	2,56	2,582	2,623	2,661	2,675	2,654	2,593	2,489	2,35	2,187	2,021	1,868	1,739	1,639	1,571	1,527	1,503	1,494	1,497	1,508	1,524	1,54	1,554	1,565	1,572	1,577	1,581	1,586	1,59	1,594	1,599	1,604	1,61	1,617	1,624
CIV	Cote d'Ivoire	7,936	7,941	7,942	7,939	7,929	7,91	7,877	7,828	7,763	7,682	7,59	7,488	7,383	7,278	7,176	7,078	6,984	6,892	6,801	6,71	6,622	6,536	6,454	6,374	6,298	6,224	6,152	6,079	6,006	5,932	5,859	5,787	5,717	5,651	5,589	5,531	5,476	5,423	5,372	5,321	5,269	5,216	5,16	5,101	5,039	4,976	4,911
CMR	Cameroon	6,203	6,246	6,287	6,328	6,367	6,406	6,448	6,492	6,538	6,583	6,625	6,661	6,688	6,704	6,707	6,695	6,667	6,626	6,573	6,509	6,436	6,354	6,264	6,17	6,073	5,978	5,886	5,799	5,718	5,645	5,58	5,524	5,475	5,431	5,39	5,35	5,309	5,266	5,219	5,167	5,111	5,049	4,984	4,917	4,848	4,778	4,708
COD	Congo, Dem. Rep.	6,215	6,244	6,275	6,308	6,341	6,376	6,41	6,444	6,476	6,506	6,535	6,562	6,587	6,612	6,636	6,658	6,679	6,699	6,717	6,733	6,746	6,758	6,767	6,773	6,777	6,779	6,777	6,774	6,768	6,76	6,751	6,74	6,73	6,718	6,705	6,69	6,671	6,649	6,621	6,587	6,544	6,493	6,432	6,363	6,286	6,202	6,112
COG	Congo, Rep.	6,288	6,319	6,347	6,369	6,384	6,389	6,382	6,36	6,324	6,273	6,21	6,134	6,05	5,959	5,866	5,773	5,681	5,59	5,503	5,422	5,349	5,287	5,236	5,195	5,165	5,144	5,13	5,12	5,112	5,105	5,096	5,086	5,076	5,066	5,054	5,042	5,028	5,012	4,995	4,973	4,948	4,915	4,876	4,83	4,778	4,721	4,661
COL	Colombia	5,548	5,3	5,067	4,857	4,675	4,523	4,396	4,284	4,177	4,071	3,965	3,855	3,744	3,634	3,526	3,42	3,32	3,227	3,142	3,065	2,994	2,927	2,86	2,794	2,727	2,66	2,596	2,535	2,481	2,432	2,389	2,349	2,311	2,274	2,236	2,197	2,157	2,118	2,08	2,044	2,01	1,978	1,948	1,921	1,897	1,874	1,853
COM	Comoros	7,061	7,06	7,058	7,055	7,052	7,052	7,055	7,061	7,069	7,075	7,078	7,072	7,056	7,026	6,982	6,921	6,842	6,749	6,644	6,531	6,412	6,291	6,171	6,053	5,941	5,835	5,736	5,642	5,552	5,466	5,384	5,307	5,235	5,167	5,103	5,042	4,984	4,927	4,87	4,813	4,754	4,693	4,628	4,561	4,491	4,42	4,347
CPV	Cabo Verde	6,935	6,913	6,887	6,855	6,818	6,771	6,714	6,645	6,564	6,473	6,375	6,274	6,174	6,075	5,979	5,883	5,784	5,68	5,565	5,441	5,307	5,162	5,011	4,856	4,698	4,539	4,38	4,222	4,065	3,911	3,762	3,62	3,484	3,357	3,237	3,126	3,022	2,925	2,833	2,747	2,666	2,593	2,528	2,47	2,419	2,374	2,334
CRI	Costa Rica	4,611	4,385	4,188	4,026	3,898	3,805	3,741	3,695	3,657	3,622	3,588	3,552	3,517	3,482	3,448	3,411	3,371	3,328	3,281	3,229	3,172	3,11	3,044	2,973	2,899	2,821	2,737	2,649	2,557	2,463	2,373	2,29	2,216	2,155	2,105	2,065	2,034	2,006	1,979	1,951	1,922	1,893	1,866	1,841	1,819	1,8	1,783
CUB	Cuba	4,033	3,857	3,646	3,4	3,127	2,844	2,573	2,332	2,134	1,987	1,892	1,843	1,826	1,825	1,832	1,837	1,836	1,826	1,809	1,782	1,75	1,715	1,684	1,66	1,645	1,637	1,635	1,634	1,631	1,625	1,617	1,606	1,594	1,583	1,575	1,57	1,572	1,581	1,596	1,616	1,639	1,663	1,685	1,702	1,713	1,72	1,722
CUW	Curacao																																					2,1	2	2,2	2,1	2,2	2,1	2,2	2,1	2	1,9	1,7
CYM	Cayman Islands																																															
CYP	Cyprus	2,61	2,547	2,491	2,44	2,393	2,352	2,323	2,31	2,312	2,328	2,354	2,385	2,415	2,438	2,453	2,458	2,456	2,45	2,442	2,43	2,411	2,381	2,337	2,278	2,206	2,124	2,036	1,946	1,861	1,783	1,716	1,66	1,614	1,576	1,545	1,52	1,498	1,479	1,461	1,443	1,424	1,405	1,388	1,373	1,36	1,35	1,343
CZE	Czech Republic	1,92	2	2,09	2,31	2,46	2,43	2,39	2,34	2,33	2,27	2,08	2	2	1,97	1,97	1,95	1,92	1,91	1,94	1,87	1,9	1,86	1,71	1,67	1,44	1,28	1,18	1,17	1,16	1,13	1,15	1,15	1,17	1,18	1,23	1,29	1,34	1,45	1,51	1,51	1,51	1,43	1,45	1,46	1,53	1,57	1,57
DEU	Germany	2,03	1,92	1,71	1,54	1,51	1,45	1,45	1,4	1,38	1,38	1,44	1,43	1,41	1,33	1,29	1,37	1,43	1,43	1,46	1,42	1,45	1,33	1,29	1,28	1,24	1,25	1,3	1,35	1,36	1,36	1,38	1,35	1,34	1,34	1,36	1,34	1,33	1,37	1,38	1,36	1,39	1,39	1,41	1,42	1,47	1,5	1,5
DJI	Djibouti	6,804	6,823	6,83	6,823	6,803	6,77	6,729	6,685	6,639	6,596	6,554	6,513	6,471	6,426	6,378	6,328	6,28	6,234	6,188	6,137	6,073	5,986	5,869	5,721	5,546	5,352	5,152	4,958	4,78	4,622	4,484	4,359	4,24	4,118	3,994	3,867	3,739	3,617	3,502	3,397	3,301	3,213	3,131	3,055	2,982	2,913	2,847
DMA	Dominica			5,5										3,52					3					2,5					1,9					1,9	1,9													
DNK	Denmark	1,95	2,04	2,03	1,92	1,9	1,92	1,75	1,66	1,67	1,6	1,55	1,44	1,43	1,38	1,4	1,45	1,48	1,5	1,56	1,62	1,67	1,68	1,76	1,75	1,81	1,8	1,75	1,75	1,72	1,73	1,77	1,74	1,72	1,76	1,78	1,8	1,85	1,84	1,89	1,84	1,87	1,75	1,73	1,67	1,69	1,71	1,71
DOM	Dominican Republic	6,182	5,983	5,781	5,58	5,382	5,193	5,014	4,847	4,693	4,552	4,422	4,303	4,19	4,082	3,978	3,878	3,783	3,694	3,612	3,537	3,465	3,397	3,329	3,262	3,195	3,13	3,069	3,014	2,966	2,926	2,892	2,862	2,835	2,807	2,779	2,749	2,718	2,687	2,656	2,626	2,597	2,568	2,539	2,51	2,481	2,451	2,422
DZA	Algeria	7,643	7,624	7,597	7,558	7,505	7,434	7,344	7,234	7,105	6,957	6,794	6,617	6,43	6,237	6,038	5,835	5,627	5,412	5,191	4,962	4,726	4,479	4,223	3,962	3,702	3,448	3,208	2,988	2,796	2,635	2,514	2,438	2,403	2,405	2,438	2,497	2,575	2,662	2,749	2,828	2,889	2,925	2,936	2,924	2,89	2,839	2,776
ECU	Ecuador	6,138	6,011	5,873	5,727	5,577	5,426	5,276	5,129	4,988	4,853	4,727	4,611	4,503	4,401	4,305	4,213	4,123	4,034	3,945	3,856	3,767	3,679	3,594	3,514	3,437	3,364	3,294	3,225	3,157	3,09	3,027	2,968	2,914	2,868	2,828	2,793	2,763	2,736	2,71	2,684	2,656	2,628	2,599	2,571	2,542	2,514	2,486
EGY	Egypt, Arab Rep.	6,233	6,144	6,056	5,974	5,899	5,833	5,776	5,727	5,682	5,639	5,6	5,563	5,528	5,489	5,444	5,382	5,294	5,177	5,031	4,857	4,663	4,455	4,247	4,048	3,865	3,705	3,571	3,459	3,367	3,293	3,233	3,181	3,133	3,088	3,047	3,016	3,004	3,016	3,055	3,114	3,185	3,253	3,306	3,335	3,336	3,311	3,265
ERI	Eritrea	6,65	6,636	6,624	6,615	6,609	6,609	6,614	6,625	6,64	6,658	6,675	6,686	6,69	6,683	6,665	6,636	6,597	6,552	6,502	6,448	6,387	6,316	6,233	6,137	6,03	5,914	5,793	5,67	5,549	5,434	5,328	5,233	5,149	5,073	5,005	4,942	4,881	4,818	4,752	4,681	4,605	4,525	4,444	4,363	4,285	4,208	4,133
ESP	Spain	2,84	2,9	2,87	2,84	2,88	2,77	2,77	2,65	2,54	2,37	2,22	2,04	1,94	1,8	1,73	1,64	1,56	1,49	1,45	1,4	1,36	1,33	1,31	1,26	1,19	1,16	1,14	1,15	1,13	1,17	1,22	1,23	1,25	1,3	1,31	1,33	1,36	1,38	1,45	1,38	1,37	1,34	1,32	1,27	1,32	1,33	1,33
EST	Estonia	2,17	2,19	2,13	2,06	2,07	2,04	2,07	2,06	2,02	2	2,02	2,07	2,07	2,16	2,17	2,13	2,18	2,27	2,27	2,22	2,05	1,8	1,71	1,49	1,42	1,38	1,37	1,32	1,28	1,3	1,36	1,32	1,36	1,37	1,47	1,52	1,58	1,69	1,72	1,7	1,72	1,61	1,56	1,52	1,54	1,58	1,58
ETH	Ethiopia	6,978	7,02	7,06	7,094	7,121	7,143	7,167	7,195	7,23	7,271	7,316	7,36	7,397	7,424	7,437	7,435	7,418	7,387	7,347	7,298	7,246	7,193	7,143	7,094	7,046	6,995	6,935	6,861	6,769	6,659	6,529	6,38	6,216	6,044	5,867	5,69	5,519	5,355	5,201	5,057	4,924	4,798	4,677	4,556	4,437	4,317	4,198
FIN	Finland	1,83	1,68	1,58	1,49	1,61	1,68	1,7	1,68	1,64	1,64	1,63	1,64	1,71	1,74	1,69	1,64	1,6	1,59	1,69	1,71	1,78	1,79	1,85	1,81	1,85	1,81	1,76	1,75	1,7	1,73	1,73	1,73	1,72	1,76	1,8	1,8	1,84	1,83	1,85	1,86	1,87	1,83	1,8	1,75	1,71	1,65	1,65
FJI	Fiji	4,543	4,397	4,275	4,178	4,106	4,054	4,018	3,992	3,968	3,941	3,907	3,864	3,813	3,755	3,693	3,629	3,568	3,512	3,465	3,427	3,398	3,374	3,352	3,33	3,305	3,276	3,244	3,209	3,171	3,132	3,09	3,046	3,001	2,954	2,907	2,86	2,816	2,774	2,735	2,701	2,669	2,641	2,615	2,59	2,565	2,541	2,516
FRA	France	2,55	2,47	2,38	2,28	2,18	2,09	2,01	1,94	1,89	1,87	1,85	1,85	1,86	1,86	1,86	1,86	1,85	1,83	1,81	1,79	1,77	1,75	1,74	1,73	1,73	1,74	1,75	1,77	1,78	1,81	1,89	1,9	1,88	1,89	1,92	1,94	2	1,98	2,01	2	2,03	2,01	2,01	1,99	2,01	1,96	1,96
FRO	Faroe Islands	3,4	3,2	3,3	3,2	3,1	2,9	2,7	2,7	2,6	2,7	2,5	2,5	2,3	2,2	2,2	2,3	2,4	2,4	2,6	2,7	2,8	2,6	2,5	2,5	2,4	2,5	2,6	2,5	2,3	2,3	2,6	2,3	2,6	2,5	2,6	2,6	2,5	2,6	2,6	2,4	2,5	2,3	2,6	2,5	2,6	2,4	2,6
FSM	Micronesia, Fed. Sts.	6,938	6,925	6,894	6,842	6,77	6,682	6,586	6,49	6,398	6,311	6,223	6,129	6,02	5,894	5,752	5,6	5,446	5,299	5,167	5,052	4,958	4,882	4,82	4,766	4,716	4,664	4,608	4,544	4,471	4,39	4,3	4,204	4,105	4,007	3,912	3,823	3,739	3,661	3,589	3,522	3,46	3,402	3,347	3,294	3,243	3,194	3,145
GAB	Gabon	5,081	5,143	5,208	5,275	5,343	5,412	5,48	5,543	5,6	5,648	5,684	5,709	5,722	5,723	5,712	5,689	5,654	5,609	5,554	5,491	5,421	5,345	5,263	5,176	5,087	4,996	4,903	4,809	4,716	4,625	4,539	4,46	4,389	4,327	4,274	4,23	4,194	4,164	4,137	4,112	4,083	4,05	4,01	3,963	3,91	3,85	3,786
GBR	United Kingdom	2,44	2,41	2,2	2,04	1,92	1,81	1,74	1,69	1,75	1,86	1,9	1,82	1,78	1,77	1,77	1,79	1,78	1,81	1,82	1,79	1,83	1,82	1,79	1,76	1,74	1,71	1,73	1,72	1,71	1,68	1,64	1,63	1,63	1,7	1,75	1,76	1,82	1,86	1,91	1,89	1,92	1,91	1,92	1,83	1,81	1,8	1,8
GEO	Georgia	2,707	2,665	2,622	2,577	2,533	2,489	2,448	2,409	2,373	2,341	2,314	2,296	2,284	2,277	2,275	2,273	2,269	2,26	2,243	2,217	2,18	2,132	2,076	2,013	1,946	1,879	1,812	1,749	1,692	1,643	1,608	1,589	1,586	1,599	1,625	1,664	1,712	1,766	1,821	1,873	1,918	1,954	1,98	1,996	2,003	2,003	1,996
GHA	Ghana	6,95	6,936	6,915	6,888	6,855	6,815	6,771	6,721	6,665	6,605	6,539	6,468	6,392	6,31	6,223	6,131	6,032	5,928	5,82	5,71	5,602	5,499	5,403	5,317	5,239	5,168	5,102	5,036	4,969	4,899	4,826	4,753	4,681	4,612	4,548	4,49	4,438	4,392	4,35	4,311	4,273	4,234	4,192	4,146	4,096	4,042	3,984
GIB	Gibraltar																																															
GIN	Guinea	6,225	6,249	6,277	6,306	6,337	6,369	6,402	6,436	6,468	6,5	6,529	6,557	6,581	6,602	6,619	6,631	6,637	6,637	6,631	6,618	6,598	6,57	6,535	6,493	6,444	6,391	6,334	6,273	6,211	6,147	6,082	6,015	5,947	5,877	5,804	5,729	5,653	5,575	5,496	5,417	5,336	5,256	5,175	5,094	5,014	4,934	4,855
GMB	Gambia, The	6,093	6,141	6,185	6,226	6,262	6,293	6,316	6,333	6,342	6,343	6,337	6,323	6,303	6,277	6,248	6,219	6,19	6,164	6,141	6,122	6,107	6,094	6,082	6,069	6,054	6,038	6,021	6,002	5,984	5,966	5,947	5,927	5,906	5,884	5,86	5,835	5,81	5,785	5,76	5,735	5,707	5,676	5,638	5,595	5,544	5,488	5,425
GNB	Guinea-Bissau	6,041	6,06	6,078	6,098	6,12	6,15	6,192	6,249	6,32	6,401	6,487	6,569	6,64	6,694	6,727	6,739	6,734	6,717	6,693	6,663	6,627	6,582	6,526	6,458	6,381	6,294	6,201	6,105	6,009	5,913	5,82	5,73	5,641	5,555	5,47	5,389	5,312	5,241	5,174	5,11	5,049	4,987	4,923	4,855	4,784	4,71	4,633
GNQ	Equatorial Guinea	5,808	5,808	5,805	5,8	5,795	5,791	5,791	5,795	5,804	5,817	5,835	5,856	5,88	5,903	5,926	5,946	5,962	5,974	5,982	5,986	5,987	5,985	5,984	5,981	5,978	5,971	5,96	5,941	5,914	5,878	5,834	5,785	5,731	5,675	5,618	5,559	5,498	5,433	5,363	5,288	5,209	5,126	5,04	4,952	4,864	4,775	4,687
GRC	Greece	2,4	2,32	2,32	2,27	2,38	2,33	2,35	2,27	2,28	2,26	2,23	2,09	2,03	1,94	1,83	1,67	1,6	1,5	1,5	1,4	1,39	1,37	1,36	1,32	1,33	1,28	1,26	1,27	1,24	1,23	1,25	1,25	1,28	1,29	1,31	1,34	1,4	1,41	1,5	1,5	1,48	1,4	1,34	1,29	1,3	1,33	1,33
GRD	Grenada	4,604	4,561	4,537	4,512	4,479	4,436	4,385	4,337	4,299	4,269	4,251	4,244	4,243	4,245	4,243	4,231	4,2	4,146	4,068	3,966	3,842	3,701	3,551	3,401	3,254	3,116	2,988	2,87	2,762	2,666	2,582	2,512	2,455	2,409	2,373	2,344	2,321	2,301	2,282	2,262	2,24	2,217	2,194	2,171	2,148	2,126	2,104
GRL	Greenland						2,345	2,255	2,349	2,197	2,187	2,435	2,332	2,236	2,054	2,107	2,241	2,044	2,083	2,317	2,299	2,444	2,421	2,607	2,578	2,527	2,512	2,493	2,69	2,457	2,415	2,329	2,51	2,566	2,372	2,415	2,377	2,256	2,299	2,247	2,359	2,195	2,117	2,019	2,077	2,037	2,01	2
GTM	Guatemala	6,642	6,62	6,599	6,578	6,558	6,535	6,51	6,48	6,443	6,399	6,342	6,271	6,185	6,086	5,977	5,865	5,757	5,658	5,572	5,5	5,437	5,38	5,32	5,252	5,174	5,087	4,993	4,895	4,797	4,699	4,598	4,49	4,372	4,245	4,11	3,971	3,833	3,701	3,58	3,471	3,375	3,292	3,219	3,151	3,089	3,029	2,973
GUM	Guam	4,372	4,248	4,137	4,028	3,917	3,801	3,681	3,561	3,447	3,34	3,248	3,177	3,128	3,1	3,092	3,095	3,099	3,097	3,082	3,053	3,013	2,969	2,929	2,899	2,881	2,872	2,87	2,867	2,86	2,846	2,824	2,794	2,759	2,72	2,679	2,638	2,599	2,562	2,528	2,498	2,472	2,448	2,427	2,406	2,386	2,367	2,347
GUY	Guyana	5,38	5,226	5,057	4,877	4,689	4,503	4,327	4,169	4,031	3,915	3,817	3,728	3,64	3,548	3,452	3,354	3,263	3,186	3,127	3,089	3,069	3,063	3,066	3,071	3,074	3,074	3,069	3,061	3,05	3,036	3,017	2,992	2,961	2,924	2,883	2,84	2,797	2,755	2,718	2,684	2,655	2,63	2,606	2,582	2,559	2,534	2,51
HKG	Hong Kong SAR, China	3,284	3,459	3,315	3,177	2,967	2,666	2,48	2,376	2,272	2,12	2,047	1,933	1,86	1,722	1,559	1,491	1,367	1,311	1,4	1,296	1,272	1,281	1,347	1,342	1,355	1,295	1,191	1,127	1,016	0,981	1,032	0,931	0,941	0,901	0,922	0,959	0,984	1,028	1,064	1,055	1,127	1,204	1,285	1,125	1,235	1,196	1,205
HND	Honduras	7,27	7,195	7,111	7,025	6,935	6,844	6,749	6,649	6,543	6,431	6,313	6,19	6,062	5,932	5,802	5,674	5,553	5,439	5,333	5,233	5,139	5,046	4,952	4,853	4,749	4,64	4,525	4,408	4,291	4,173	4,055	3,936	3,815	3,693	3,57	3,447	3,325	3,204	3,087	2,975	2,871	2,777	2,694	2,621	2,559	2,507	2,462
HRV	Croatia	1,979	1,973	1,967	1,96	1,95	1,937	1,925	1,913	1,903	1,895	1,888	1,879	1,9	1,88	1,87	1,82	1,76	1,64	1,79	1,63	1,63	1,53	1,48	1,52	1,47	1,58	1,67	1,69	1,45	1,38	1,39	1,46	1,42	1,41	1,43	1,5	1,47	1,48	1,55	1,58	1,55	1,48	1,51	1,46	1,46	1,4	1,4
HTI	Haiti	5,762	5,692	5,642	5,616	5,614	5,641	5,698	5,779	5,872	5,97	6,058	6,122	6,154	6,149	6,106	6,028	5,921	5,799	5,673	5,548	5,43	5,318	5,21	5,103	4,997	4,89	4,779	4,665	4,547	4,425	4,302	4,182	4,065	3,955	3,853	3,757	3,667	3,579	3,493	3,408	3,325	3,245	3,169	3,098	3,033	2,973	2,919
HUN	Hungary	1,98	1,93	1,93	1,93	2,27	2,35	2,23	2,15	2,06	2,01	1,91	1,88	1,8	1,75	1,75	1,85	1,84	1,82	1,81	1,82	1,87	1,87	1,77	1,68	1,64	1,57	1,46	1,37	1,32	1,28	1,32	1,31	1,3	1,27	1,28	1,31	1,34	1,32	1,35	1,32	1,25	1,23	1,34	1,35	1,44	1,45	1,45
IDN	Indonesia	5,474	5,413	5,338	5,251	5,152	5,043	4,927	4,806	4,682	4,557	4,43	4,301	4,167	4,028	3,887	3,745	3,606	3,472	3,346	3,229	3,122	3,022	2,929	2,842	2,761	2,688	2,627	2,579	2,544	2,523	2,512	2,509	2,511	2,513	2,515	2,514	2,51	2,505	2,499	2,492	2,483	2,471	2,455	2,436	2,414	2,389	2,363
IMN	Isle of Man																									1,8								1,65														
IND	India	5,587	5,519	5,444	5,363	5,278	5,192	5,108	5,029	4,956	4,889	4,827	4,766	4,703	4,636	4,563	4,484	4,399	4,311	4,222	4,132	4,045	3,959	3,877	3,799	3,723	3,651	3,582	3,514	3,446	3,379	3,311	3,243	3,175	3,107	3,038	2,969	2,897	2,823	2,748	2,673	2,601	2,534	2,475	2,425	2,384	2,352	2,326
IRL	Ireland	3,85	3,93	3,84	3,71	3,59	3,37	3,29	3,24	3,21	3,21	3,21	3,05	2,94	2,74	2,58	2,48	2,44	2,32	2,17	2,08	2,11	2,08	1,99	1,9	1,85	1,84	1,88	1,93	1,94	1,9	1,89	1,94	1,97	1,96	1,93	1,86	1,91	2,01	2,06	2,06	2,05	2,03	2	1,96	1,94	1,92	1,92
IRN	Iran, Islamic Rep.	6,44	6,359	6,292	6,243	6,214	6,212	6,238	6,289	6,354	6,422	6,481	6,516	6,515	6,47	6,374	6,223	6,014	5,758	5,467	5,15	4,818	4,478	4,139	3,81	3,5	3,216	2,961	2,734	2,533	2,358	2,211	2,092	1,997	1,925	1,87	1,831	1,805	1,788	1,778	1,772	1,765	1,755	1,742	1,727	1,708	1,686	1,661
IRQ	Iraq	7,362	7,308	7,234	7,153	7,072	6,993	6,915	6,834	6,748	6,658	6,569	6,485	6,407	6,338	6,276	6,22	6,164	6,105	6,039	5,965	5,882	5,794	5,702	5,61	5,517	5,423	5,325	5,221	5,112	5,002	4,894	4,796	4,711	4,644	4,594	4,563	4,549	4,547	4,552	4,559	4,562	4,557	4,542	4,515	4,476	4,427	4,37
ISL	Iceland	2,81	2,92	3,09	2,94	2,66	2,65	2,52	2,31	2,35	2,49	2,48	2,33	2,27	2,24	2,08	1,93	1,92	2,06	2,26	2,19	2,3	2,18	2,21	2,22	2,14	2,08	2,12	2,04	2,05	1,99	2,08	1,95	1,93	1,99	2,04	2,05	2,08	2,09	2,15	2,23	2,2	2,02	2,04	1,93	1,93	1,8	1,8
ISR	Israel	3,778	3,774	3,77	3,698	3,626	3,554	3,482	3,41	3,354	3,298	3,242	3,186	3,13	3,106	3,082	3,058	3,034	3,01	2,948	2,886	2,824	2,762	2,7	2,8	2,9	2,9	2,9	2,94	2,98	2,965	2,95	2,92	2,89	2,95	2,9	2,84	2,88	2,9	2,96	2,96	3,03	2,98	3,05	3,03	3,08	3,09	3,11
ITA	Italy	2,38	2,4	2,35	2,3	2,28	2,17	2,04	1,93	1,84	1,73	1,64	1,58	1,56	1,51	1,46	1,42	1,35	1,33	1,36	1,33	1,33	1,3	1,3	1,25	1,21	1,19	1,2	1,21	1,21	1,23	1,26	1,25	1,27	1,29	1,34	1,34	1,37	1,4	1,45	1,45	1,46	1,44	1,43	1,39	1,37	1,35	1,35
JAM	Jamaica	5,477	5,305	5,108	4,899	4,685	4,478	4,286	4,115	3,965	3,839	3,733	3,643	3,559	3,477	3,394	3,308	3,223	3,142	3,069	3,003	2,947	2,899	2,86	2,826	2,797	2,768	2,738	2,704	2,666	2,623	2,577	2,529	2,482	2,439	2,398	2,361	2,325	2,289	2,251	2,212	2,173	2,136	2,102	2,072	2,047	2,026	2,009
JOR	Jordan	7,926	7,876	7,818	7,75	7,675	7,598	7,523	7,455	7,391	7,329	7,262	7,18	7,074	6,94	6,777	6,588	6,376	6,153	5,926	5,702	5,488	5,286	5,096	4,918	4,754	4,605	4,469	4,345	4,231	4,126	4,033	3,952	3,884	3,828	3,784	3,75	3,725	3,707	3,693	3,68	3,663	3,638	3,604	3,56	3,506	3,445	3,378
JPN	Japan	2,135	2,16	2,14	2,14	2,05	1,909	1,85	1,8	1,79	1,77	1,75	1,74	1,77	1,8	1,81	1,76	1,72	1,69	1,66	1,57	1,54	1,53	1,502	1,458	1,5	1,422	1,425	1,388	1,384	1,342	1,359	1,33	1,32	1,29	1,29	1,26	1,32	1,34	1,37	1,37	1,39	1,39	1,41	1,43	1,42	1,45	1,44
KAZ	Kazakhstan	3,611	3,59	3,569	3,536	3,488	3,427	3,355	3,283	3,216	3,019	2,9	2,95	3	3,04	3,08	3,08	3,135	3,19	3,13	2,82	2,72	2,61	2,5	2,3	2,28	2,26	2,13	2	1,8	1,7	1,8	1,9	2	2,03	2,21	2,22	2,36	2,5	2,7	2,55	2,6	2,59	2,62	2,64	2,74	2,73	2,73
KEN	Kenya	8,081	8,051	8,012	7,963	7,905	7,84	7,769	7,695	7,618	7,538	7,455	7,365	7,268	7,16	7,042	6,911	6,763	6,599	6,425	6,244	6,066	5,901	5,755	5,633	5,535	5,459	5,4	5,348	5,296	5,239	5,178	5,111	5,044	4,977	4,91	4,84	4,763	4,677	4,582	4,48	4,373	4,267	4,165	4,072	3,989	3,917	3,852
KGZ	Kyrgyz Republic	5,177	5,147	5,105	5,047	4,97	4,876	4,77	4,66	4,553	4,454	4,367	4,296	4,24	4,195	4,16	4,13	4,1	4,065	4,02	3,875	3,63	3,58	3,52	3,2	2,9	3,1	2,8	2,6	2,7	2,6	2,4	2,4	2,4	2,5	2,6	2,5	2,7	2,7	2,8	2,9	3,1	3,1	3,2	3,1	3,2	3,2	3,1
KHM	Cambodia	6,465	6,332	6,175	6,004	5,831	5,681	5,585	5,557	5,603	5,714	5,87	6,042	6,193	6,296	6,338	6,313	6,226	6,097	5,944	5,777	5,601	5,421	5,237	5,052	4,867	4,685	4,504	4,325	4,146	3,971	3,805	3,654	3,521	3,406	3,309	3,227	3,155	3,086	3,018	2,947	2,875	2,805	2,739	2,682	2,634	2,594	2,56
KIR	Kiribati	5,457	5,273	5,13	5,034	4,985	4,978	4,999	5,031	5,058	5,072	5,07	5,051	5,022	4,988	4,952	4,912	4,871	4,829	4,784	4,738	4,688	4,635	4,576	4,512	4,445	4,374	4,304	4,235	4,17	4,11	4,058	4,015	3,979	3,95	3,927	3,909	3,895	3,883	3,872	3,859	3,843	3,822	3,796	3,766	3,731	3,693	3,651
KNA	St. Kitts and Nevis			3,5										3,3					2,8					2,6					2,4					2,107														
KOR	Korea, Rep.	4,53	4,54	4,12	4,07	3,77	3,43	3	2,99	2,64	2,9	2,82	2,57	2,39	2,06	1,74	1,66	1,58	1,53	1,55	1,56	1,57	1,71	1,76	1,654	1,656	1,634	1,574	1,52	1,448	1,41	1,467	1,297	1,166	1,18	1,154	1,076	1,123	1,25	1,192	1,149	1,226	1,244	1,297	1,187	1,205	1,239	1,172
KWT	Kuwait	7,169	7,018	6,835	6,627	6,403	6,176	5,962	5,769	5,599	5,452	5,316	5,177	5,018	4,83	4,61	4,357	4,074	3,777	3,482	3,205	2,967	2,791	2,682	2,641	2,66	2,72	2,796	2,861	2,895	2,89	2,845	2,773	2,691	2,616	2,552	2,498	2,45	2,4	2,344	2,281	2,215	2,151	2,094	2,046	2,011	1,986	1,97
LAO	Lao PDR	5,974	5,979	5,99	6,006	6,029	6,059	6,096	6,139	6,186	6,233	6,277	6,315	6,345	6,363	6,369	6,361	6,342	6,313	6,274	6,222	6,151	6,054	5,928	5,772	5,589	5,385	5,165	4,939	4,717	4,506	4,311	4,137	3,983	3,845	3,724	3,615	3,517	3,423	3,331	3,24	3,149	3,059	2,974	2,895	2,823	2,758	2,698
LBN	Lebanon	4,948	4,836	4,73	4,629	4,534	4,444	4,357	4,271	4,182	4,092	3,997	3,898	3,796	3,692	3,587	3,482	3,379	3,279	3,182	3,09	3,002	2,919	2,841	2,765	2,691	2,617	2,543	2,468	2,39	2,31	2,225	2,134	2,037	1,938	1,839	1,75	1,678	1,628	1,601	1,598	1,614	1,641	1,671	1,696	1,713	1,72	1,719
LBR	Liberia	6,695	6,736	6,777	6,815	6,849	6,88	6,907	6,93	6,95	6,964	6,973	6,973	6,964	6,946	6,917	6,875	6,82	6,752	6,673	6,587	6,499	6,414	6,336	6,267	6,208	6,156	6,109	6,061	6,008	5,948	5,88	5,804	5,722	5,635	5,547	5,456	5,366	5,277	5,19	5,105	5,023	4,944	4,868	4,794	4,721	4,65	4,581
LBY	Libya	8,132	8,147	8,135	8,102	8,048	7,97	7,866	7,736	7,582	7,408	7,219	7,023	6,826	6,63	6,435	6,236	6,023	5,79	5,533	5,256	4,966	4,67	4,381	4,109	3,859	3,636	3,44	3,267	3,112	2,976	2,856	2,754	2,668	2,597	2,539	2,493	2,46	2,438	2,425	2,418	2,412	2,404	2,391	2,372	2,345	2,312	2,274
LCA	St. Lucia	6,101	5,953	5,813	5,686	5,571	5,462	5,347	5,216	5,064	4,891	4,703	4,512	4,328	4,161	4,014	3,888	3,781	3,683	3,589	3,495	3,399	3,302	3,203	3,104	3,001	2,892	2,772	2,641	2,499	2,35	2,202	2,06	1,933	1,826	1,74	1,675	1,63	1,598	1,574	1,555	1,538	1,522	1,507	1,495	1,482	1,471	1,459
LIE	Liechtenstein																															1,57	1,52	1,47	1,36	1,44	1,49	1,43	1,42	1,43	1,71	1,4	1,69	1,51	1,45	1,59	1,4	1,4
LKA	Sri Lanka	4,342	4,208	4,083	3,97	3,87	3,783	3,705	3,633	3,562	3,488	3,408	3,319	3,223	3,12	3,012	2,904	2,8	2,703	2,617	2,544	2,483	2,433	2,39	2,353	2,32	2,291	2,268	2,252	2,242	2,239	2,241	2,247	2,257	2,268	2,278	2,284	2,283	2,274	2,257	2,232	2,203	2,17	2,138	2,109	2,083	2,063	2,046
LSO	Lesotho	5,808	5,807	5,802	5,794	5,78	5,761	5,736	5,706	5,672	5,633	5,589	5,542	5,491	5,436	5,377	5,313	5,244	5,169	5,088	5,004	4,919	4,837	4,759	4,686	4,617	4,548	4,475	4,394	4,302	4,2	4,089	3,972	3,856	3,744	3,64	3,548	3,473	3,412	3,365	3,33	3,303	3,278	3,253	3,222	3,186	3,143	3,094
LTU	Lithuania	2,4	2,41	2,34	2,22	2,21	2,18	2,18	2,14	2,08	2,05	1,99	1,98	1,97	2,1	2,07	2,08	2,12	2,11	2,02	1,98	2,03	2,01	1,97	1,74	1,57	1,55	1,49	1,47	1,46	1,46	1,39	1,29	1,23	1,26	1,27	1,29	1,33	1,36	1,45	1,5	1,5	1,55	1,6	1,59	1,63	1,7	1,7
LUX	Luxembourg	1,97	1,95	1,75	1,58	1,58	1,55	1,48	1,5	1,48	1,48	1,5	1,55	1,49	1,43	1,42	1,38	1,43	1,4	1,51	1,52	1,6	1,6	1,64	1,7	1,72	1,7	1,77	1,71	1,68	1,74	1,76	1,66	1,63	1,62	1,66	1,63	1,65	1,61	1,61	1,59	1,63	1,52	1,57	1,55	1,5	1,47	1,47
LVA	Latvia	1,96	2	2	1,98	1,97	1,96	1,93	1,89	1,87	1,87	1,86	1,88	1,97	2,07	2,09	2,08	2,12	2,15	2,11	2,05	2,02	1,86	1,73	1,51	1,39	1,25	1,16	1,11	1,09	1,16	1,25	1,22	1,26	1,32	1,29	1,39	1,46	1,54	1,58	1,46	1,36	1,33	1,44	1,52	1,65	1,7	1,7
MAC	Macao SAR, China	2,167	1,979	1,818	1,679	1,562	1,478	1,437	1,445	1,499	1,591	1,709	1,835	1,953	2,046	2,104	2,121	2,094	2,031	1,944	1,838	1,722	1,606	1,495	1,395	1,309	1,238	1,175	1,116	1,056	0,995	0,938	0,889	0,852	0,831	0,827	0,84	0,869	0,909	0,957	1,008	1,061	1,112	1,16	1,205	1,245	1,28	1,311
MAF	St. Martin (French part)													2,44	2,4	2,29	2,24	2,06	2,13	2,13	2,2	2,12	2,05	1,94	1,84	1,84	1,84	1,84	1,84	1,83	1,83	1,83	1,83	1,83	1,83	1,83	1,83	1,82	1,82	1,82	1,82	1,82	1,82	1,82	1,81	1,81	1,81	1,81
MAR	Morocco	6,646	6,552	6,455	6,356	6,255	6,156	6,06	5,967	5,876	5,783	5,684	5,571	5,441	5,291	5,123	4,942	4,754	4,567	4,387	4,217	4,057	3,903	3,75	3,597	3,445	3,298	3,161	3,038	2,933	2,846	2,777	2,723	2,68	2,644	2,613	2,588	2,571	2,563	2,563	2,569	2,578	2,584	2,583	2,574	2,555	2,526	2,491
MCO	Monaco																																															
MDA	Moldova	2,582	2,56	2,542	2,523	2,503	2,483	2,465	2,455	2,454	2,462	2,481	2,51	2,546	2,585	2,62	2,643	2,646	2,625	2,578	2,506	2,414	2,309	2,199	2,093	1,994	1,901	1,811	1,719	1,623	1,527	1,435	1,354	1,291	1,247	1,224	1,219	1,227	1,242	1,256	1,268	1,274	1,273	1,269	1,263	1,256	1,248	1,241
MDG	Madagascar	7,27	7,248	7,221	7,188	7,149	7,102	7,044	6,976	6,898	6,813	6,725	6,637	6,554	6,477	6,41	6,353	6,307	6,27	6,237	6,208	6,179	6,149	6,116	6,078	6,033	5,979	5,912	5,835	5,748	5,653	5,551	5,447	5,342	5,24	5,141	5,047	4,956	4,866	4,777	4,689	4,603	4,52	4,442	4,37	4,303	4,241	4,184
MDV	Maldives	7,227	7,201	7,159	7,103	7,04	6,981	6,944	6,936	6,961	7,013	7,081	7,151	7,203	7,219	7,189	7,106	6,965	6,776	6,548	6,286	5,993	5,674	5,336	4,987	4,637	4,298	3,975	3,674	3,399	3,155	2,944	2,769	2,625	2,508	2,415	2,344	2,294	2,262	2,244	2,235	2,229	2,221	2,209	2,191	2,165	2,132	2,093
MEX	Mexico	6,83	6,789	6,7	6,558	6,366	6,13	5,864	5,587	5,317	5,064	4,836	4,635	4,457	4,296	4,151	4,019	3,899	3,786	3,678	3,573	3,47	3,369	3,273	3,182	3,097	3,018	2,946	2,88	2,821	2,766	2,716	2,669	2,623	2,579	2,536	2,495	2,456	2,421	2,391	2,364	2,341	2,318	2,295	2,27	2,243	2,215	2,184
MHL	Marshall Islands																		5,9												5,71						4,5	4,5	4,5				4,05					
MKD	Macedonia, FYR	3,158	3,044	2,932	2,828	2,738	2,663	2,606	2,562	2,529	2,505	2,486	2,468	2,449	2,426	2,399	2,368	2,335	2,301	2,269	2,238	2,206	2,171	2,131	2,085	2,033	1,977	1,919	1,864	1,812	1,765	1,723	1,683	1,644	1,605	1,566	1,531	1,501	1,478	1,465	1,461	1,465	1,474	1,487	1,501	1,513	1,524	1,533
MLI	Mali	7,133	7,141	7,147	7,151	7,153	7,154	7,154	7,153	7,152	7,151	7,15	7,15	7,15	7,15	7,15	7,151	7,153	7,156	7,161	7,164	7,165	7,159	7,146	7,124	7,094	7,058	7,02	6,983	6,95	6,921	6,897	6,878	6,861	6,842	6,821	6,794	6,76	6,719	6,67	6,612	6,547	6,474	6,396	6,315	6,231	6,145	6,057
MLT	Malta	2,03	2,06	2,01	1,65	1,64	2,27	2,21	2,14	2,05	2,1	1,99	1,87	1,9	1,92	1,95	1,95	1,93	1,97	2,06	2,1	2,04	2,04	2,11	2	1,88	1,81	2,03	1,98	1,88	1,77	1,7	1,48	1,45	1,48	1,4	1,38	1,36	1,35	1,43	1,42	1,36	1,45	1,43	1,38	1,42	1,45	1,45
MMR	Myanmar	5,964	5,884	5,79	5,685	5,572	5,457	5,343	5,233	5,126	5,024	4,92	4,809	4,685	4,547	4,395	4,231	4,062	3,894	3,734	3,586	3,455	3,341	3,243	3,16	3,09	3,035	2,994	2,965	2,945	2,929	2,914	2,894	2,865	2,827	2,779	2,722	2,658	2,591	2,526	2,465	2,41	2,363	2,322	2,286	2,256	2,23	2,207
MNE	Montenegro	2,737	2,68	2,624	2,567	2,507	2,447	2,391	2,341	2,3	2,268	2,243	2,224	2,208	2,192	2,175	2,156	2,137	2,12	2,104	2,091	2,078	2,063	2,046	2,025	2,002	1,977	1,951	1,927	1,906	1,888	1,875	1,865	1,858	1,852	1,847	1,84	1,832	1,82	1,805	1,787	1,767	1,745	1,725	1,706	1,69	1,677	1,667
MNG	Mongolia	7,569	7,546	7,497	7,413	7,294	7,144	6,969	6,78	6,587	6,395	6,209	6,033	5,864	5,696	5,526	5,345	5,14	4,906	4,644	4,356	4,052	3,746	3,451	3,18	2,941	2,738	2,57	2,43	2,312	2,216	2,143	2,096	2,076	2,083	2,112	2,165	2,239	2,331	2,434	2,539	2,637	2,716	2,774	2,805	2,811	2,793	2,757
MNP	Northern Mariana Islands																																															
MOZ	Mozambique	6,84	6,824	6,801	6,769	6,729	6,683	6,633	6,585	6,539	6,499	6,464	6,436	6,413	6,392	6,373	6,354	6,332	6,308	6,281	6,248	6,211	6,167	6,119	6,067	6,015	5,964	5,919	5,882	5,853	5,832	5,818	5,807	5,795	5,781	5,761	5,736	5,706	5,674	5,639	5,602	5,562	5,519	5,472	5,421	5,365	5,305	5,243
MRT	Mauritania	6,784	6,773	6,757	6,736	6,709	6,676	6,638	6,596	6,551	6,504	6,457	6,411	6,367	6,324	6,283	6,244	6,206	6,168	6,128	6,085	6,04	5,991	5,939	5,883	5,825	5,765	5,703	5,64	5,576	5,514	5,453	5,394	5,337	5,283	5,232	5,183	5,139	5,097	5,059	5,021	4,983	4,942	4,897	4,848	4,794	4,736	4,674
MUS	Mauritius	3,952	3,741	3,575	3,444	3,341	3,255	3,169	3,071	2,954	2,818	2,672	2,532	2,412	2,325	2,16	2,02	1,99	2,05	2,14	2,23	2,32	2,3	2,37	2,21	2,25	2,14	2,12	2,04	1,97	2,05	1,99	1,91	1,94	1,87	1,92	1,88	1,77	1,74	1,67	1,59	1,57	1,55	1,54	1,44	1,43	1,36	1,4
MWI	Malawi	7,303	7,345	7,389	7,432	7,476	7,517	7,556	7,59	7,618	7,636	7,643	7,637	7,618	7,585	7,538	7,474	7,392	7,291	7,176	7,051	6,922	6,798	6,683	6,582	6,495	6,424	6,364	6,31	6,257	6,203	6,149	6,097	6,049	6,003	5,958	5,903	5,83	5,733	5,611	5,467	5,308	5,146	4,992	4,856	4,74	4,646	4,571
MYS	Malaysia	5,014	4,88	4,757	4,64	4,528	4,425	4,331	4,249	4,179	4,12	4,068	4,021	3,974	3,925	3,872	3,816	3,759	3,703	3,65	3,6	3,554	3,51	3,466	3,422	3,372	3,313	3,238	3,145	3,036	2,913	2,784	2,657	2,539	2,438	2,355	2,293	2,249	2,217	2,191	2,169	2,149	2,129	2,11	2,092	2,074	2,056	2,037
NAM	Namibia	6,459	6,517	6,57	6,613	6,642	6,654	6,647	6,622	6,581	6,524	6,451	6,362	6,259	6,145	6,022	5,893	5,76	5,625	5,491	5,358	5,227	5,098	4,97	4,842	4,715	4,589	4,466	4,345	4,229	4,119	4,018	3,926	3,844	3,773	3,714	3,667	3,635	3,616	3,608	3,606	3,605	3,6	3,586	3,56	3,522	3,473	3,415
NCL	New Caledonia	4,3	4,175714286	4,051428571	3,927142857	3,802857143	3,678571429	3,554285714	3,43	3,426	3,422	3,418	3,64	3,41	3,33	3,17	3	3,17	3,25	3,1	2,97	3,19	3,15	2,99	2,86	2,7	2,59	2,65	2,67	2,55	2,48	2,59	2,43	2,33	2,27	2,18	2,2	2,29	2,2	2,2	2,2	2,2	2,15	2,28	2,19	2,17	2,06	2,08
NER	Niger	7,567	7,58	7,596	7,616	7,64	7,668	7,701	7,738	7,775	7,812	7,844	7,868	7,882	7,886	7,88	7,865	7,845	7,824	7,803	7,786	7,772	7,761	7,752	7,743	7,734	7,725	7,716	7,707	7,698	7,689	7,679	7,668	7,656	7,642	7,626	7,608	7,588	7,566	7,542	7,515	7,487	7,455	7,42	7,381	7,338	7,29	7,239
NGA	Nigeria	6,471	6,522	6,575	6,625	6,669	6,706	6,735	6,757	6,772	6,781	6,783	6,779	6,767	6,749	6,726	6,698	6,664	6,625	6,582	6,537	6,49	6,443	6,395	6,348	6,303	6,262	6,224	6,19	6,159	6,131	6,106	6,083	6,06	6,036	6,011	5,985	5,958	5,93	5,902	5,872	5,839	5,802	5,758	5,709	5,653	5,591	5,526
NIC	Nicaragua	6,892	6,855	6,807	6,748	6,678	6,597	6,51	6,42	6,327	6,232	6,132	6,022	5,9	5,762	5,611	5,448	5,278	5,104	4,931	4,762	4,597	4,433	4,27	4,105	3,942	3,78	3,623	3,473	3,331	3,201	3,083	2,978	2,887	2,807	2,738	2,677	2,622	2,571	2,522	2,475	2,428	2,383	2,34	2,3	2,264	2,231	2,2
NLD	Netherlands	2,57	2,36	2,15	1,9	1,77	1,66	1,63	1,58	1,58	1,56	1,6	1,56	1,5	1,47	1,49	1,51	1,55	1,56	1,55	1,55	1,62	1,61	1,59	1,57	1,57	1,53	1,53	1,56	1,63	1,65	1,72	1,71	1,73	1,75	1,72	1,71	1,72	1,72	1,77	1,79	1,79	1,76	1,72	1,68	1,71	1,66	1,66
NOR	Norway	2,5	2,49	2,38	2,23	2,13	1,98	1,86	1,75	1,77	1,75	1,72	1,7	1,71	1,66	1,66	1,68	1,71	1,74	1,84	1,89	1,93	1,92	1,88	1,86	1,87	1,87	1,89	1,86	1,81	1,85	1,85	1,78	1,75	1,8	1,83	1,84	1,9	1,9	1,96	1,98	1,95	1,88	1,85	1,78	1,75	1,72	1,72
NPL	Nepal	5,918	5,901	5,884	5,868	5,853	5,838	5,822	5,804	5,783	5,756	5,725	5,687	5,645	5,597	5,546	5,49	5,431	5,371	5,308	5,242	5,172	5,097	5,015	4,926	4,828	4,72	4,6	4,47	4,33	4,182	4,03	3,877	3,724	3,575	3,43	3,29	3,151	3,012	2,874	2,737	2,606	2,486	2,38	2,291	2,218	2,162	2,118
NRU	Nauru																																															
NZL	New Zealand	3,158	3,194	3	2,696	2,57	2,331	2,273	2,229	2,07	2,12	2,03	2,01	1,95	1,92	1,93	1,93	1,96	2,03	2,1	2,12	2,18	2,16	2,12	2,05	2	1,99	1,96	1,96	1,89	1,97	1,98	1,97	1,89	1,93	1,98	1,97	2,01	2,18	2,19	2,13	2,17	2,09	2,1	2,01	1,92	1,99	1,87
OMN	Oman	7,311	7,35	7,414	7,504	7,617	7,747	7,885	8,018	8,137	8,232	8,299	8,338	8,352	8,34	8,299	8,222	8,101	7,933	7,719	7,462	7,165	6,831	6,472	6,098	5,72	5,346	4,981	4,63	4,297	3,989	3,716	3,484	3,293	3,142	3,029	2,952	2,909	2,892	2,89	2,897	2,901	2,896	2,878	2,846	2,799	2,737	2,666
PAK	Pakistan	6,601	6,602	6,605	6,608	6,611	6,612	6,608	6,599	6,583	6,561	6,535	6,508	6,483	6,46	6,436	6,407	6,367	6,31	6,234	6,138	6,024	5,896	5,76	5,622	5,482	5,342	5,198	5,048	4,892	4,733	4,58	4,438	4,314	4,211	4,129	4,067	4,02	3,98	3,942	3,901	3,855	3,802	3,744	3,682	3,617	3,55	3,481
PAN	Panama	5,173	5,06	4,939	4,81	4,675	4,537	4,398	4,26	4,128	4,002	3,884	3,775	3,675	3,581	3,494	3,413	3,336	3,262	3,19	3,121	3,057	2,999	2,95	2,909	2,877	2,852	2,83	2,81	2,789	2,767	2,744	2,72	2,698	2,679	2,663	2,651	2,643	2,637	2,632	2,628	2,622	2,613	2,601	2,585	2,565	2,541	2,514
PER	Peru	6,378	6,239	6,099	5,963	5,832	5,705	5,578	5,447	5,31	5,167	5,021	4,875	4,733	4,6	4,475	4,358	4,249	4,142	4,037	3,933	3,828	3,722	3,617	3,514	3,413	3,317	3,226	3,142	3,064	2,993	2,929	2,871	2,818	2,77	2,725	2,684	2,648	2,616	2,589	2,566	2,545	2,525	2,504	2,481	2,456	2,429	2,4
PHL	Philippines	6,264	6,152	6,041	5,931	5,824	5,718	5,613	5,506	5,399	5,29	5,183	5,078	4,978	4,883	4,795	4,712	4,632	4,554	4,476	4,397	4,32	4,246	4,177	4,113	4,056	4,005	3,961	3,922	3,886	3,85	3,811	3,766	3,712	3,65	3,579	3,503	3,425	3,349	3,278	3,214	3,158	3,109	3,067	3,028	2,992	2,958	2,925
PLW	Palau																					2,84					2,33					1,83					2,02							2,23			2,21	
PNG	Papua New Guinea	6,163	6,137	6,108	6,077	6,041	6	5,954	5,9	5,839	5,771	5,694	5,609	5,515	5,415	5,312	5,21	5,11	5,018	4,934	4,861	4,802	4,756	4,723	4,7	4,683	4,668	4,653	4,632	4,604	4,569	4,525	4,475	4,422	4,368	4,315	4,263	4,21	4,156	4,101	4,043	3,985	3,926	3,869	3,813	3,759	3,707	3,658
POL	Poland	2,2	2,25	2,24	2,26	2,26	2,27	2,3	2,23	2,21	2,28	2,28	2,24	2,34	2,42	2,37	2,33	2,22	2,15	2,13	2,08	2,06	2,07	1,95	1,87	1,81	1,62	1,59	1,51	1,44	1,38	1,37	1,31	1,25	1,22	1,23	1,24	1,27	1,31	1,39	1,4	1,41	1,33	1,33	1,29	1,32	1,32	1,32
PRI	Puerto Rico	3,146	3,068	3,006	2,955	2,908	2,864	2,818	2,769	2,718	2,664	2,607	2,548	2,49	2,436	2,387	2,344	2,308	2,279	2,256	2,236	2,219	2,201	2,179	2,153	2,122	2,086	1,94	1,9	1,9	1,97425	2,0485	1,9346	1,8317	1,7624	1,7822	1,7702	1,7123	1,6505	1,6516	1,6528	1,6235	1,5965	1,5425	1,47	1,432	1,3365	1,3
PRK	Korea, Dem. Peopleâ€™s Rep.	4,315	4,21	4,05	3,852	3,63	3,404	3,197	3,025	2,897	2,815	2,773	2,753	2,734	2,701	2,65	2,581	2,503	2,429	2,369	2,323	2,289	2,262	2,235	2,202	2,164	2,121	2,079	2,042	2,014	1,996	1,987	1,987	1,99	1,995	1,999	2,002	2,001	1,999	1,994	1,987	1,979	1,968	1,957	1,945	1,933	1,921	1,91
PRT	Portugal	3,01	3	2,86	2,77	2,7	2,75	2,82	2,69	2,45	2,31	2,25	2,13	2,07	1,95	1,9	1,72	1,66	1,62	1,61	1,57	1,56	1,56	1,54	1,52	1,45	1,41	1,44	1,47	1,47	1,5	1,55	1,45	1,46	1,44	1,4	1,41	1,37	1,35	1,39	1,34	1,39	1,35	1,28	1,21	1,23	1,31	1,31
PRY	Paraguay	5,739	5,591	5,458	5,351	5,272	5,223	5,198	5,189	5,186	5,183	5,174	5,155	5,126	5,087	5,037	4,974	4,9	4,818	4,73	4,639	4,547	4,457	4,368	4,282	4,196	4,108	4,014	3,911	3,798	3,678	3,553	3,431	3,315	3,21	3,119	3,04	2,97	2,907	2,846	2,787	2,73	2,675	2,625	2,581	2,542	2,509	2,48
PSE	West Bank and Gaza																					6,718	6,674	6,607	6,515	6,396	6,251	6,085	5,907	5,727	5,55	5,383	5,231	5,094	4,973	4,867	4,775	4,695	4,623	4,554	4,487	4,419	4,35	4,281	4,212	4,143	4,075	4,008
PYF	French Polynesia	5,057	4,98	4,889	4,785	4,67	4,548	4,423	4,301	4,185	4,08	3,989	3,916	3,858	3,812	3,774	3,738	3,697	3,645	3,579	3,498	3,401	3,291	3,175	3,059	2,946	2,841	2,745	2,66	2,585	2,52	2,463	2,414	2,37	2,329	2,289	2,251	2,216	2,184	2,155	2,131	2,11	2,092	2,075	2,059	2,044	2,028	2,013
QAT	Qatar	6,91	6,855	6,781	6,69	6,581	6,46	6,332	6,201	6,07	5,94	5,806	5,661	5,5	5,322	5,128	4,925	4,718	4,516	4,329	4,159	4,013	3,893	3,795	3,714	3,647	3,588	3,532	3,473	3,407	3,329	3,236	3,124	2,996	2,858	2,713	2,569	2,433	2,312	2,211	2,13	2,07	2,027	1,997	1,972	1,95	1,929	1,907
ROU	Romania	2,89	2,67	2,55	2,44	2,71	2,59	2,54	2,57	2,52	2,49	2,43	2,36	2,17	2,06	2,26	2,31	2,39	2,38	2,3	2,22	1,83	1,59	1,51	1,43	1,4	1,33	1,3	1,32	1,32	1,3	1,31	1,27	1,27	1,3	1,33	1,4	1,42	1,45	1,6	1,66	1,59	1,47	1,52	1,46	1,52	1,58	1,58
RUS	Russian Federation	1,99	2,03	2,04	2,01	2	1,98	1,97	1,95	1,92	1,9	1,89	1,91	2,04	2,11	2,06	2,05	2,15	2,22	2,12	2,01	1,892	1,732	1,552	1,385	1,4	1,337	1,27	1,218	1,232	1,157	1,195	1,223	1,286	1,32	1,344	1,294	1,305	1,416	1,502	1,542	1,567	1,582	1,691	1,707	1,75	1,75	1,75
RWA	Rwanda	8,231	8,252	8,278	8,307	8,339	8,37	8,401	8,429	8,451	8,462	8,461	8,444	8,41	8,357	8,282	8,177	8,038	7,863	7,657	7,427	7,184	6,942	6,713	6,505	6,324	6,172	6,046	5,936	5,835	5,737	5,64	5,543	5,445	5,345	5,243	5,135	5,021	4,9	4,774	4,644	4,515	4,389	4,269	4,158	4,058	3,967	3,885
SAU	Saudi Arabia	7,28	7,289	7,299	7,307	7,312	7,313	7,309	7,299	7,281	7,252	7,206	7,138	7,047	6,933	6,798	6,649	6,495	6,342	6,194	6,052	5,911	5,761	5,594	5,407	5,2	4,98	4,754	4,533	4,325	4,137	3,971	3,83	3,708	3,601	3,505	3,416	3,329	3,242	3,151	3,056	2,96	2,866	2,779	2,701	2,635	2,579	2,532
SDN	Sudan	6,888	6,899	6,91	6,921	6,93	6,936	6,933	6,919	6,892	6,853	6,802	6,741	6,674	6,605	6,535	6,467	6,401	6,337	6,274	6,213	6,152	6,091	6,028	5,964	5,897	5,829	5,758	5,686	5,614	5,542	5,471	5,402	5,334	5,268	5,204	5,143	5,085	5,03	4,977	4,926	4,876	4,825	4,771	4,715	4,656	4,595	4,532
SEN	Senegal	7,289	7,296	7,299	7,299	7,296	7,293	7,294	7,298	7,304	7,311	7,312	7,3	7,271	7,221	7,152	7,063	6,962	6,853	6,744	6,636	6,53	6,426	6,322	6,214	6,105	5,995	5,884	5,774	5,667	5,565	5,471	5,387	5,314	5,252	5,201	5,161	5,132	5,111	5,095	5,08	5,063	5,038	5,003	4,959	4,904	4,84	4,769
SGP	Singapore	3,07	3,02	3,04	2,79	2,35	2,07	2,11	1,82	1,79	1,79	1,82	1,78	1,74	1,61	1,62	1,61	1,43	1,62	1,96	1,75	1,83	1,73	1,72	1,74	1,71	1,67	1,66	1,61	1,48	1,47	1,6	1,41	1,37	1,27	1,26	1,26	1,28	1,29	1,28	1,22	1,15	1,2	1,29	1,19	1,25	1,24	1,2
SLB	Solomon Islands	6,914	7,04	7,145	7,216	7,248	7,236	7,182	7,096	6,99	6,871	6,748	6,632	6,525	6,431	6,349	6,278	6,211	6,139	6,056	5,961	5,851	5,728	5,596	5,461	5,326	5,197	5,077	4,968	4,872	4,789	4,72	4,665	4,618	4,578	4,54	4,502	4,459	4,412	4,359	4,3	4,235	4,167	4,099	4,032	3,968	3,907	3,85
SLE	Sierra Leone	6,496	6,524	6,55	6,573	6,594	6,611	6,628	6,644	6,66	6,675	6,69	6,704	6,715	6,724	6,729	6,731	6,732	6,731	6,73	6,726	6,721	6,711	6,696	6,674	6,645	6,608	6,564	6,512	6,455	6,39	6,319	6,242	6,158	6,067	5,969	5,863	5,747	5,621	5,487	5,346	5,202	5,06	4,923	4,793	4,672	4,561	4,457
SLV	El Salvador	6,172	6,087	6	5,91	5,816	5,717	5,609	5,493	5,369	5,237	5,1	4,96	4,82	4,684	4,554	4,433	4,322	4,221	4,129	4,043	3,964	3,889	3,815	3,74	3,662	3,577	3,482	3,377	3,263	3,144	3,022	2,903	2,792	2,691	2,604	2,529	2,465	2,41	2,358	2,31	2,265	2,224	2,187	2,155	2,126	2,101	2,079
SMR	San Marino																																											1,26				
SOM	Somalia	7,182	7,151	7,118	7,086	7,057	7,033	7,016	7,005	7	7,003	7,013	7,03	7,053	7,08	7,112	7,149	7,19	7,237	7,288	7,341	7,397	7,454	7,511	7,566	7,614	7,653	7,679	7,689	7,683	7,66	7,623	7,573	7,513	7,448	7,378	7,305	7,227	7,144	7,056	6,963	6,866	6,766	6,665	6,564	6,464	6,365	6,267
SRB	Serbia		2,3										2,1										1,8				1,7		1,6			1,48	1,58	1,57	1,59	1,57	1,45	1,43	1,38	1,4	1,44	1,4	1,4	1,45	1,43	1,46	1,46	1,46
SSD	South Sudan	6,881	6,892	6,903	6,912	6,92	6,924	6,922	6,913	6,897	6,874	6,85	6,829	6,813	6,806	6,806	6,81	6,816	6,816	6,808	6,789	6,761	6,726	6,686	6,644	6,601	6,554	6,503	6,444	6,377	6,303	6,223	6,139	6,054	5,969	5,885	5,803	5,721	5,638	5,552	5,465	5,376	5,286	5,197	5,109	5,022	4,938	4,855
STP	Sao Tome and Principe	6,468	6,49	6,51	6,525	6,534	6,534	6,524	6,504	6,473	6,434	6,386	6,333	6,276	6,217	6,158	6,101	6,044	5,988	5,932	5,876	5,82	5,765	5,71	5,655	5,6	5,545	5,491	5,437	5,384	5,33	5,278	5,226	5,174	5,123	5,072	5,022	4,974	4,927	4,88	4,835	4,788	4,74	4,689	4,635	4,578	4,518	4,456
SUR	Suriname	5,653	5,504	5,336	5,148	4,945	4,734	4,526	4,332	4,161	4,015	3,895	3,798	3,715	3,64	3,57	3,505	3,445	3,391	3,345	3,304	3,267	3,232	3,197	3,16	3,12	3,077	3,033	2,988	2,944	2,902	2,861	2,821	2,783	2,745	2,708	2,672	2,638	2,606	2,575	2,547	2,52	2,495	2,47	2,445	2,421	2,396	2,372
SVK	Slovak Republic	2,41	2,43	2,49	2,56	2,61	2,55	2,55	2,49	2,47	2,45	2,32	2,29	2,28	2,28	2,26	2,26	2,2	2,14	2,13	2,07	2,09	2,05	1,93	1,87	1,67	1,52	1,47	1,43	1,37	1,33	1,3	1,2	1,19	1,2	1,25	1,27	1,25	1,27	1,34	1,44	1,43	1,45	1,34	1,34	1,37	1,4	1,4
SVN	Slovenia	2,231	2,22	2,213	2,207	2,202	2,195	2,183	2,166	2,14	2,106	2,064	2,016	1,93	1,81	1,74	1,71	1,67	1,65	1,63	1,52	1,46	1,42	1,33	1,33	1,32	1,29	1,28	1,25	1,23	1,21	1,26	1,21	1,21	1,2	1,25	1,26	1,31	1,38	1,53	1,53	1,57	1,56	1,58	1,55	1,58	1,57	1,57
SWE	Sweden	1,92	1,96	1,91	1,87	1,87	1,77	1,68	1,64	1,6	1,66	1,68	1,63	1,62	1,61	1,66	1,74	1,8	1,84	1,96	2,01	2,13	2,11	2,09	1,99	1,88	1,73	1,6	1,52	1,5	1,5	1,54	1,57	1,65	1,71	1,75	1,77	1,85	1,88	1,91	1,94	1,98	1,9	1,91	1,89	1,88	1,85	1,85
SWZ	Swaziland	6,875	6,876	6,871	6,86	6,843	6,82	6,793	6,762	6,728	6,69	6,646	6,596	6,537	6,468	6,387	6,294	6,185	6,061	5,924	5,776	5,619	5,455	5,287	5,119	4,955	4,798	4,652	4,518	4,394	4,284	4,187	4,105	4,036	3,977	3,925	3,873	3,819	3,758	3,689	3,611	3,527	3,44	3,355	3,276	3,204	3,141	3,084
SXM	Sint Maarten (Dutch part)																							2,03									1,95						1,5	1,7	1,7		2,03					
SYC	Seychelles							4,5						3,5					3					2,696					2,1	2,04	2,04	2,08	1,98	2,04	2,06	2,01	2,2	2,11	2,24	2,33	2,38	2,17	2,38	2,42	2,37	2,34	2,41	2,78
SYR	Syrian Arab Republic	7,572	7,566	7,556	7,537	7,51	7,472	7,422	7,359	7,285	7,197	7,094	6,976	6,843	6,695	6,534	6,359	6,168	5,962	5,746	5,526	5,31	5,107	4,923	4,762	4,625	4,509	4,41	4,319	4,229	4,138	4,043	3,944	3,844	3,744	3,648	3,556	3,471	3,394	3,325	3,264	3,21	3,16	3,113	3,065	3,016	2,966	2,916
TCA	Turks and Caicos Islands																																															
TCD	Chad	6,528	6,582	6,636	6,688	6,736	6,78	6,82	6,857	6,892	6,925	6,958	6,99	7,023	7,056	7,089	7,124	7,161	7,199	7,238	7,276	7,313	7,346	7,376	7,399	7,416	7,425	7,426	7,419	7,405	7,384	7,354	7,315	7,268	7,212	7,147	7,074	6,992	6,901	6,803	6,699	6,592	6,482	6,372	6,263	6,155	6,05	5,947
TGO	Togo	7,084	7,136	7,182	7,222	7,254	7,275	7,286	7,284	7,27	7,245	7,207	7,158	7,099	7,031	6,954	6,869	6,775	6,672	6,561	6,444	6,324	6,202	6,082	5,965	5,855	5,755	5,666	5,588	5,52	5,461	5,41	5,364	5,32	5,276	5,229	5,179	5,123	5,064	5,001	4,936	4,868	4,798	4,727	4,656	4,586	4,517	4,45
THA	Thailand	5,595	5,397	5,181	4,953	4,721	4,488	4,257	4,03	3,808	3,594	3,392	3,202	3,024	2,859	2,707	2,571	2,451	2,346	2,256	2,179	2,113	2,055	2,003	1,956	1,911	1,867	1,823	1,781	1,742	1,705	1,671	1,641	1,616	1,595	1,58	1,568	1,561	1,557	1,553	1,551	1,547	1,542	1,534	1,524	1,512	1,498	1,482
TJK	Tajikistan	7,003	6,943	6,845	6,714	6,553	6,376	6,197	6,029	5,885	5,77	5,688	5,64	5,613	5,599	5,588	5,573	5,543	5,495	5,427	5,336	5,226	5,101	4,971	4,841	4,714	4,588	4,461	4,327	4,188	4,045	3,907	3,781	3,675	3,591	3,533	3,498	3,485	3,486	3,493	3,502	3,507	3,504	3,492	3,472	3,442	3,404	3,36
TKM	Turkmenistan	6,404	6,323	6,237	6,143	6,04	5,926	5,796	5,651	5,494	5,331	5,17	5,022	4,895	4,791	4,711	4,65	4,603	4,557	4,504	4,436	4,344	4,222	4,071	3,898	3,707	3,512	3,323	3,154	3,013	2,903	2,824	2,77	2,73	2,698	2,671	2,654	2,653	2,672	2,712	2,769	2,833	2,892	2,936	2,958	2,956	2,931	2,888
TLS	Timor-Leste	5,917	5,751	5,541	5,298	5,037	4,794	4,611	4,514	4,513	4,606	4,767	4,956	5,13	5,256	5,324	5,336	5,308	5,271	5,256	5,273	5,34	5,469	5,651	5,874	6,125	6,384	6,627	6,832	6,986	7,079	7,112	7,092	7,037	6,965	6,881	6,79	6,694	6,59	6,477	6,357	6,234	6,109	5,983	5,859	5,737	5,618	5,503
TON	Tonga	5,941	5,761	5,616	5,512	5,449	5,426	5,438	5,471	5,509	5,541	5,553	5,532	5,475	5,385	5,266	5,128	4,989	4,864	4,763	4,691	4,644	4,612	4,583	4,547	4,501	4,447	4,391	4,34	4,3	4,27	4,25	4,236	4,221	4,202	4,177	4,144	4,104	4,059	4,012	3,963	3,913	3,864	3,815	3,768	3,722	3,678	3,636
TTO	Trinidad and Tobago	3,554	3,484	3,432	3,389	3,349	3,313	3,287	3,273	3,271	3,278	3,284	3,281	3,261	3,218	3,151	3,06	2,949	2,827	2,7	2,574	2,453	2,339	2,231	2,131	2,04	1,961	1,896	1,843	1,801	1,772	1,753	1,744	1,744	1,749	1,758	1,769	1,78	1,79	1,799	1,804	1,806	1,804	1,798	1,789	1,778	1,766	1,752
TUN	Tunisia	6,705	6,591	6,465	6,33	6,189	6,042	5,89	5,733	5,572	5,408	5,243	5,078	4,915	4,752	4,59	4,425	4,252	4,07	3,878	3,678	3,476	3,276	3,085	2,907	2,747	2,606	2,485	2,379	2,287	2,208	2,142	2,088	2,046	2,016	1,997	1,991	1,999	2,022	2,057	2,099	2,144	2,184	2,214	2,231	2,234	2,223	2,201
TUR	Turkey	5,619	5,529	5,429	5,316	5,191	5,058	4,921	4,785	4,654	4,528	4,405	4,282	4,155	4,021	3,883	3,741	3,598	3,461	3,331	3,213	3,107	3,016	2,937	2,868	2,809	2,755	2,705	2,657	2,607	2,556	2,503	2,451	2,4	2,353	2,31	2,273	2,241	2,214	2,192	2,172	2,155	2,139	2,124	2,108	2,09	2,072	2,053
TUV	Tuvalu																																															
TZA	Tanzania	6,771	6,765	6,761	6,758	6,755	6,751	6,743	6,73	6,711	6,685	6,653	6,618	6,58	6,542	6,504	6,465	6,424	6,379	6,328	6,273	6,213	6,148	6,081	6,013	5,946	5,883	5,828	5,78	5,741	5,711	5,689	5,675	5,666	5,659	5,651	5,638	5,616	5,584	5,542	5,489	5,427	5,359	5,287	5,215	5,146	5,079	5,016
UGA	Uganda	7,115	7,111	7,107	7,103	7,1	7,099	7,099	7,099	7,099	7,1	7,1	7,101	7,101	7,102	7,103	7,103	7,103	7,102	7,1	7,097	7,091	7,082	7,071	7,057	7,039	7,018	6,994	6,967	6,937	6,903	6,865	6,822	6,772	6,716	6,653	6,583	6,507	6,424	6,337	6,247	6,154	6,059	5,964	5,869	5,775	5,682	5,591
UKR	Ukraine	2,09	2,12	2,08	2,04	2,04	2,02	1,99	1,94	1,96	1,96	1,95	1,93	1,98	2,08	2,09	2,06	2,08	2,05	2,02	1,92	1,844	1,773	1,674	1,563	1,47	1,397	1,332	1,27	1,207	1,121	1,11	1,085	1,126	1,172	1,218	1,213	1,31	1,345	1,458	1,473	1,443	1,459	1,531	1,506	1,498	1,506	1,466
URY	Uruguay	2,902	2,938	2,969	2,989	2,995	2,983	2,953	2,907	2,852	2,789	2,726	2,666	2,615	2,574	2,546	2,53	2,524	2,524	2,525	2,525	2,52	2,509	2,49	2,465	2,435	2,4	2,363	2,327	2,294	2,266	2,242	2,222	2,205	2,189	2,174	2,158	2,142	2,126	2,11	2,094	2,078	2,063	2,048	2,033	2,019	2,007	1,995
USA	United States	2,48	2,266	2,01	1,879	1,835	1,774	1,738	1,79	1,76	1,808	1,8395	1,812	1,8275	1,799	1,8065	1,844	1,8375	1,872	1,934	2,014	2,081	2,0625	2,046	2,0195	2,0015	1,978	1,976	1,971	1,999	2,0075	2,056	2,0305	2,0205	2,0475	2,0515	2,057	2,108	2,12	2,072	2,002	1,931	1,8945	1,8805	1,8575	1,8625	1,8435	1,8
UZB	Uzbekistan	6,326	6,263	6,185	6,088	5,973	5,842	5,699	5,55	5,399	5,251	5,112	4,984	4,868	4,763	4,669	4,585	4,509	4,5	4,28	4,179	4,072	4,199	4,004	3,8	3,537	3,596	3,32	3,082	2,815	2,72	2,58	2,46	2,52	2,36	2,46	2,36	2,39	2,554	2,637	2,53	2,342	2,236	2,193	2,35	2,457	2,491	2,455
VCT	St. Vincent and the Grenadines	6,014	5,828	5,629	5,417	5,197	4,973	4,752	4,54	4,339	4,154	3,985	3,832	3,692	3,561	3,439	3,328	3,23	3,144	3,072	3,01	2,956	2,907	2,86	2,811	2,76	2,703	2,641	2,576	2,509	2,442	2,379	2,321	2,271	2,229	2,196	2,17	2,149	2,131	2,112	2,092	2,07	2,046	2,021	1,998	1,975	1,953	1,931
VEN	Venezuela, RB	5,404	5,219	5,053	4,905	4,779	4,67	4,574	4,483	4,391	4,296	4,199	4,104	4,014	3,933	3,861	3,794	3,73	3,665	3,597	3,524	3,448	3,37	3,292	3,218	3,147	3,082	3,022	2,967	2,915	2,867	2,822	2,779	2,739	2,701	2,664	2,629	2,595	2,562	2,53	2,5	2,472	2,444	2,417	2,391	2,366	2,341	2,317
VGB	British Virgin Islands																																															
VIR	Virgin Islands (U.S.)	5,167	4,976	4,76	4,527	4,286	4,047	3,818	3,607	3,42	3,261	3,138	3,053	3	2,973	2,967	2,973	2,986	2,997	2,999	2,987	2,954	2,895	2,813	2,712	2,599	2,481	2,367	2,265	2,184	2,128	2,06	1,9	2,21	2,07	2,17	2,24	2,03	2,51	2,44	2,37	2,3	2,16	2,05	2,07	2,09	2,11	2,09
VNM	Vietnam	6,465	6,421	6,35	6,251	6,125	5,973	5,8	5,614	5,423	5,232	5,046	4,865	4,691	4,521	4,359	4,205	4,062	3,929	3,802	3,68	3,553	3,415	3,26	3,089	2,904	2,714	2,529	2,359	2,213	2,096	2,01	1,954	1,92	1,901	1,894	1,894	1,901	1,911	1,923	1,936	1,946	1,953	1,957	1,959	1,96	1,958	1,954
VUT	Vanuatu	6,272	6,202	6,134	6,067	5,999	5,929	5,858	5,787	5,716	5,645	5,575	5,503	5,43	5,356	5,282	5,209	5,141	5,078	5,022	4,971	4,927	4,887	4,85	4,814	4,775	4,73	4,677	4,614	4,542	4,459	4,368	4,268	4,162	4,056	3,95	3,851	3,76	3,679	3,608	3,548	3,498	3,456	3,419	3,383	3,348	3,312	3,275
WSM	Samoa	7,194	7,119	7,039	6,952	6,859	6,761	6,656	6,547	6,434	6,32	6,203	6,086	5,968	5,85	5,734	5,62	5,51	5,404	5,303	5,208	5,118	5,034	4,956	4,882	4,815	4,751	4,692	4,637	4,587	4,541	4,503	4,476	4,46	4,454	4,456	4,46	4,46	4,45	4,426	4,388	4,338	4,277	4,212	4,148	4,086	4,029	3,976
XKX	Kosovo												4,58	4,88	4,48	4,82	4,56	4,47	4,43	4,26	3,92	3,9	3,58	2,96	2,84	2,71	2,7	2,7	2,46	2,57	2,88	2,95	2,8	2,66	2,34	2,53	2,65	2,43	2,43	2,38	2,34	2,29	2,24	2,19	2,16	2,13	2,09	2,06
YEM	Yemen, Rep.	7,813	7,852	7,915	8,003	8,115	8,243	8,376	8,502	8,609	8,693	8,754	8,795	8,825	8,847	8,861	8,866	8,858	8,833	8,786	8,713	8,606	8,459	8,272	8,048	7,795	7,525	7,251	6,986	6,738	6,514	6,313	6,13	5,954	5,778	5,601	5,425	5,253	5,09	4,94	4,801	4,674	4,554	4,44	4,327	4,215	4,104	3,995
ZAF	South Africa	5,67	5,605	5,535	5,457	5,374	5,287	5,198	5,108	5,018	4,928	4,837	4,744	4,646	4,542	4,432	4,315	4,19	4,059	3,924	3,788	3,654	3,525	3,405	3,294	3,196	3,11	3,036	2,973	2,918	2,871	2,829	2,792	2,759	2,729	2,702	2,677	2,655	2,636	2,619	2,603	2,588	2,572	2,554	2,533	2,51	2,485	2,458
ZMB	Zambia	7,367	7,383	7,392	7,393	7,382	7,359	7,323	7,276	7,219	7,156	7,087	7,017	6,946	6,877	6,81	6,746	6,685	6,624	6,563	6,502	6,442	6,384	6,329	6,278	6,231	6,189	6,153	6,121	6,093	6,065	6,036	6,003	5,963	5,915	5,859	5,794	5,721	5,642	5,561	5,478	5,397	5,318	5,242	5,171	5,104	5,041	4,981
ZWE	Zimbabwe	7,417	7,419	7,42	7,417	7,41	7,395	7,369	7,33	7,273	7,196	7,095	6,967	6,811	6,633	6,435	6,223	6,004	5,784	5,569	5,365	5,176	5,001	4,84	4,691	4,555	4,433	4,327	4,236	4,161	4,101	4,055	4,022	4,001	3,989	3,984	3,985	3,991	4,001	4,014	4,024	4,028	4,019	3,996	3,957	3,903	3,836	3,76
